Produto,Marca,Modelo,Categoria
INTTR MECANICO 3TX7466-1XA1,SIEMENS, ,"MRO: MATERIAL, REPARO E OPERAÇÃO > AUTOMAÇÃO INDUSTRIAL > Outros materiais de Automação Industrial"
DISJUNTOR MOTOR 3P 30-36A 690V S2 3RV20314PA10 SIEMENS,SIEMENS,3RV20314PA10,"MRO: MATERIAL, REPARO E OPERAÇÃO > AUTOMAÇÃO INDUSTRIAL > Outros materiais de Automação Industrial"
RELE SEG EXTENSAO 115-230V PARAF 4NA+1NF,SIEMENS, ,"MRO: MATERIAL, REPARO E OPERAÇÃO > AUTOMAÇÃO INDUSTRIAL > Outros materiais de Automação Industrial"
SUPORTE SIMATIC RF600 ANTENA 3 VIAS ACO INOX,SIEMENS, ,"MRO: MATERIAL, REPARO E OPERAÇÃO > AUTOMAÇÃO INDUSTRIAL > Outros materiais de Automação Industrial"
ELEMENTO ACUSTIC AJUSTAVEL 24V,SIEMENS, ,"MRO: MATERIAL, REPARO E OPERAÇÃO > AUTOMAÇÃO INDUSTRIAL > Outros materiais de Automação Industrial"
MODULO RELE 4S DIGITAL 120/230V ET200SP 6ES71326HD010BB1 SIEMENS,SIEMENS,6ES71326HD010BB1,"MRO: MATERIAL, REPARO E OPERAÇÃO > AUTOMAÇÃO INDUSTRIAL > Outros materiais de Automação Industrial"
RELE DE INTERFACE INDIVIDUAL 24VCC P/UNIDADE EM 24VCA/VCC 1NAF,SIEMENS, ,"MRO: MATERIAL, REPARO E OPERAÇÃO > AUTOMAÇÃO INDUSTRIAL > Outros materiais de Automação Industrial"
CONTATOR MINI POTENCIA TRIPOLAR 16A 24VCC 1NF,WEG, ,"MRO: MATERIAL, REPARO E OPERAÇÃO > AUTOMAÇÃO INDUSTRIAL > Outros materiais de Automação Industrial"
MODULO EXPANSAO CLP CONTADOR/DETECTOR POSICAO (2ED/2SD) CANAL TM POSINPUT SIMAT,SIEMENS, ,"MRO: MATERIAL, REPARO E OPERAÇÃO > AUTOMAÇÃO INDUSTRIAL > Outros materiais de Automação Industrial"
CONECTOR PLUGAVEL 10P 3030213 VM,PHOENIX, ,"MRO: MATERIAL, REPARO E OPERAÇÃO > AUTOMAÇÃO INDUSTRIAL > Outros materiais de Automação Industrial"
"PONTE INTERLIGACAO 8WH P/CONECTOR 1,5MM 3 POLOS",SIEMENS, ,"MRO: MATERIAL, REPARO E OPERAÇÃO > AUTOMAÇÃO INDUSTRIAL > Outros materiais de Automação Industrial"
CABO CONEXAO SIMATIC RF600 P/ANTENA L20 PRE-MONTADA ENTRE LEITOR E ANTENA IP65 ,SIEMENS, ,"MRO: MATERIAL, REPARO E OPERAÇÃO > AUTOMAÇÃO INDUSTRIAL > Outros materiais de Automação Industrial"
"CHAVE PART DIR 400V 1,1KW 0,9-3A 3RK13080AC000CP0 SIEMENS",SIEMENS,3RK13080AC000CP0,"MRO: MATERIAL, REPARO E OPERAÇÃO > AUTOMAÇÃO INDUSTRIAL > Outros materiais de Automação Industrial"
PLACA IDENTIFICACAO BOTAO DE EMERG BOTOEIRA,SIEMENS, ,"MRO: MATERIAL, REPARO E OPERAÇÃO > AUTOMAÇÃO INDUSTRIAL > Outros materiais de Automação Industrial"
SERVOMOTOR CA 8NM/2000RPM ENCA 1FL60641AC612LG1,SIEMENS, ,"MRO: MATERIAL, REPARO E OPERAÇÃO > AUTOMAÇÃO INDUSTRIAL > Outros materiais de Automação Industrial"
MODULO LUMINOSO LED CONTINUO 230V VM IP66,MOELLER, ,"MRO: MATERIAL, REPARO E OPERAÇÃO > AUTOMAÇÃO INDUSTRIAL > Outros materiais de Automação Industrial"
"DISTRIBUID POTENCIA 250V 17,5A CZ/ELEMENTOS CONEX AZ 16 CONEXOES CONEX 0,14-2,5",PHOENIX, ,"MRO: MATERIAL, REPARO E OPERAÇÃO > AUTOMAÇÃO INDUSTRIAL > Outros materiais de Automação Industrial"
BASE ACO 70MM MONT HORIZONTAL P/COLUNA SL7CB100 EATON,EATON,SL7CB100,"MRO: MATERIAL, REPARO E OPERAÇÃO > AUTOMAÇÃO INDUSTRIAL > Outros materiais de Automação Industrial"
CONTATOR POTENCIA 4P 80A 110-220VCA/VCC AF80400013 ABB ELETRIFICACAO,ABB ELETRIFICACAO,AF80400013,"MRO: MATERIAL, REPARO E OPERAÇÃO > AUTOMAÇÃO INDUSTRIAL > Outros materiais de Automação Industrial"
MODULO COMUNICACAO CLP WIRELESS ETHERNET CMR2040 LOGO,SIEMENS, ,"MRO: MATERIAL, REPARO E OPERAÇÃO > AUTOMAÇÃO INDUSTRIAL > Outros materiais de Automação Industrial"
BLOCO CONTATO AUX FRONTAL 2NA+2NF 3RH29112FA22 SIEMENS,SIEMENS,3RH29112FA22,"MRO: MATERIAL, REPARO E OPERAÇÃO > AUTOMAÇÃO INDUSTRIAL > Outros materiais de Automação Industrial"
FRONT BOT RED VM 22MM 3SU10501BA200AA0 SIEMENS,SIEMENS,3SU10501BA200AA0,"MRO: MATERIAL, REPARO E OPERAÇÃO > AUTOMAÇÃO INDUSTRIAL > Outros materiais de Automação Industrial"
CONTATOR POTENCIA TRIPOLAR 18A 100-250VCA/CC 1NF 50/60HZ,ABB, ,"MRO: MATERIAL, REPARO E OPERAÇÃO > AUTOMAÇÃO INDUSTRIAL > Outros materiais de Automação Industrial"
BASE P/RELE PLCBPT24DC/21,PHOENIX, ,"MRO: MATERIAL, REPARO E OPERAÇÃO > AUTOMAÇÃO INDUSTRIAL > Outros materiais de Automação Industrial"
BLOCO LUMINOSO LED BR 24V 3SU14011BB601AA0 SIEMENS,SIEMENS,3SU14011BB601AA0,"MRO: MATERIAL, REPARO E OPERAÇÃO > AUTOMAÇÃO INDUSTRIAL > Outros materiais de Automação Industrial"
FRONT BOT RED BR 22MM 3SU10000AA600AA0 SIEMENS,SIEMENS,3SU10000AA600AA0,"MRO: MATERIAL, REPARO E OPERAÇÃO > AUTOMAÇÃO INDUSTRIAL > Outros materiais de Automação Industrial"
"CONECTOR JUMPER PLUGAVEL 50 POLOS 24A POLIAMIDA 5,2MM VM",PHOENIX, ,"MRO: MATERIAL, REPARO E OPERAÇÃO > AUTOMAÇÃO INDUSTRIAL > Outros materiais de Automação Industrial"
"CONECTOR BORNE PASSAGEM TERRA 2 CONEXOES 2,50MM VD/AM",WEG, ,"MRO: MATERIAL, REPARO E OPERAÇÃO > AUTOMAÇÃO INDUSTRIAL > Outros materiais de Automação Industrial"
GRAMPEADOR GRAMPO 90 ATE 40MM PRO-348 PDR PRO,PDR PRO, ,"MRO: MATERIAL, REPARO E OPERAÇÃO > BOMBAS E MOTORES > Chaves e compressores"
"Motor para Roçadeira à Gasolina 2 Tempos 1,7HP 42,7CC RPG 427 MGP 427 VONDER 6805000427 VONDER",VONDER,MGP 427,"MRO: MATERIAL, REPARO E OPERAÇÃO > BOMBAS E MOTORES > Motores"
TERMOMETRO DIGITAL MIRA LASER-MIRA LASER 50~800 C / TERMOPAR 50~500 MT-350A MINIPA. MINIPA,MINIPA, ,"MRO: MATERIAL, REPARO E OPERAÇÃO > BOMBAS E MOTORES > Outros componentes bombas e motores"
Adesivo Instantâneo Super Cola Universal 5g 20611003302 TEKBOND 000000069957326446 TEKBOND,TEKBOND,SUPER COLA,"MRO: MATERIAL, REPARO E OPERAÇÃO > ELEMENTOS DE FIXAÇÃO E VEDAÇÃO > Adesivos e fitas"
Adesivo Spray Cola e Descola Reposicionável 300G SPRAY 75 3M HB004539738 3M,3M,SPRAY 75,"MRO: MATERIAL, REPARO E OPERAÇÃO > ELEMENTOS DE FIXAÇÃO E VEDAÇÃO > Adesivos e fitas"
Rebolo Copo Cônico 75mm x 50mm Grão 120 M14 G-120 62114 CORTAG 62114 CORTAG,CORTAG,M14 G-120,"MRO: MATERIAL, REPARO E OPERAÇÃO > FERRAMENTAS > Abrasivos"
Disco de Corte 4.1/2'' VDR02 1207412187 VONDER 1207412187 VONDER,VONDER,VDR12,"MRO: MATERIAL, REPARO E OPERAÇÃO > FERRAMENTAS > Abrasivos"
"Disco Flap 4.1/2"" Grão 120 Fibra de Vidro 2608619909 BOSCH 2608619909000 BOSCH",BOSCH,2608619909,"MRO: MATERIAL, REPARO E OPERAÇÃO > FERRAMENTAS > Abrasivos"
Disco de Lixa para Madeira 5'' Grão 240 5 Peças 2608900809 BOSCH 2608900809000 BOSCH,BOSCH,2608900809 EXPERT,"MRO: MATERIAL, REPARO E OPERAÇÃO > FERRAMENTAS > Abrasivos"
LONA POLIETILENO LARANJA 8 X 5M 6168085000 NOVE54. VONDER,VONDER, ,"MRO: MATERIAL, REPARO E OPERAÇÃO > FERRAMENTAS > Acessórios e consumíveis para ferramentas"
CINTA DE LIXA 40X457X75 3PC 7427555 MTX,MTX, ,"MRO: MATERIAL, REPARO E OPERAÇÃO > FERRAMENTAS > Acessórios e consumíveis para ferramentas"
RASPADOR DE REJUNTE 200MM LAMINA 50MM TUNGSTENIO 795609 MTX.. MTX,MTX, ,"MRO: MATERIAL, REPARO E OPERAÇÃO > FERRAMENTAS > Acessórios e consumíveis para ferramentas"
1 FOLHA LIXA NORTON FERRO K246 C120 225X275,NORTON, ,"MRO: MATERIAL, REPARO E OPERAÇÃO > FERRAMENTAS > Acessórios e consumíveis para ferramentas"
"DISCO DE CORTE FINO-METAL / INOX 7POL X 1,6MM 7/8POL DW8065-AR DEWALT",DEWALT, ,"MRO: MATERIAL, REPARO E OPERAÇÃO > FERRAMENTAS > Acessórios e consumíveis para ferramentas"
"ESCOVA INOX CIRCULAR TRANC 4.1/2"" X 1/2"" X 7/8"" 012327612 CARBOGRAFITE",CARBOGRAFITE,12327612,"MRO: MATERIAL, REPARO E OPERAÇÃO > FERRAMENTAS > Acessórios e consumíveis para ferramentas"
DISCO DESBASTE P/ ACO INOX 7 45100007 TRAMONTINA PRO,TRAMONTINA PRO, ,"MRO: MATERIAL, REPARO E OPERAÇÃO > FERRAMENTAS > Acessórios e consumíveis para ferramentas"
Elemento Filtrante para Filtro MDR-040 Plus EF-0070-M40 METALPLAN EF0070M4 METALPLAN,METALPLAN,EF-0070-M40,"MRO: MATERIAL, REPARO E OPERAÇÃO > FERRAMENTAS > Acessórios e consumíveis para ferramentas"
"BROCA ACO RAPIDO PARA METAL 3,0MM-IRWIN IRWIN",IRWIN, ,"MRO: MATERIAL, REPARO E OPERAÇÃO > FERRAMENTAS > Acessórios e consumíveis para ferramentas"
Marcador Industrial TraçoForte Branco 3mm Híbrido LWB-0700 M26-BR60-3 BADEN M26-BR60-3 BADEN,BADEN,LWB-0700,"MRO: MATERIAL, REPARO E OPERAÇÃO > FERRAMENTAS > Acessórios e consumíveis para ferramentas"
PISTOLA ALTA PRODUCAO 1000ML CH PP-12 CHIAPERINI. CHIAPERINI,CHIAPERINI, ,"MRO: MATERIAL, REPARO E OPERAÇÃO > FERRAMENTAS > Ferramentas automotivas"
TINTA CHEMICOLOR 250ML U.G.PRETO FOSCO 068.0522,CHEMICOLOR, ,"MRO: MATERIAL, REPARO E OPERAÇÃO > FERRAMENTAS > Ferramentas automotivas"
MOCOCA FOSFATOL 1L 25192,MOCOCA, ,"MRO: MATERIAL, REPARO E OPERAÇÃO > FERRAMENTAS > Ferramentas automotivas"
PISTOLA PINTURA C/ CAN PLASTICA SGK600BV DEVILBISS. DEVILBISS,DEVILBISS, ,"MRO: MATERIAL, REPARO E OPERAÇÃO > FERRAMENTAS > Ferramentas automotivas"
KIT PRATICO DE REPARO TKTK-6 JEDAL. JEDAL,JEDAL, ,"MRO: MATERIAL, REPARO E OPERAÇÃO > FERRAMENTAS > Ferramentas automotivas"
Serra Copo Bimetal 57mm Variavel DCH0214-G STARRETT DCH0214-G STARRETT,STARRETT,DCH0214-G,"MRO: MATERIAL, REPARO E OPERAÇÃO > FERRAMENTAS > Ferramentas de corte e desbaste"
Alargador Manual HSS 20.00mm Canal Helicoidal Din 206B 206200 HEINZ 206200 HEINZ,HEINZ,206200,"MRO: MATERIAL, REPARO E OPERAÇÃO > FERRAMENTAS > Ferramentas de corte e desbaste"
"Broca Aço Rápido Haste Cônica 3/8"" Din 345 HTOM404 HTOM 38843 HTOM",HTOM,"HTOM404-3/8""","MRO: MATERIAL, REPARO E OPERAÇÃO > FERRAMENTAS > Ferramentas de corte e desbaste"
"Broca para Cerâmica/Azulejo 7,00mm 2608587163 BOSCH 2608587163000 BOSCH",BOSCH,2608587163,"MRO: MATERIAL, REPARO E OPERAÇÃO > FERRAMENTAS > Ferramentas de corte e desbaste"
"Fresa Topo Esférica Metal Duro 3,00mm 4 Cortes 36976 HT 36976 HT",HT,36976,"MRO: MATERIAL, REPARO E OPERAÇÃO > FERRAMENTAS > Ferramentas de corte e desbaste"
"Broca Aço Rápido para Metais 5,10mm Din 338 A1222 TITEX 000000000005059493 TITEX",TITEX,A1222-5.1,"MRO: MATERIAL, REPARO E OPERAÇÃO > FERRAMENTAS > Ferramentas de corte e desbaste"
"Broca Metal Duro 9,80mm Din 6537L TIALN 5xD MD-5D OSG 5015D098E OSG",OSG,MD-5D,"MRO: MATERIAL, REPARO E OPERAÇÃO > FERRAMENTAS > Ferramentas de corte e desbaste"
Broca Centro HSS 4.00mm X 10.00mm Din 333A HT700-4.00 HT 12796 HT,HT,HT700-4.00,"MRO: MATERIAL, REPARO E OPERAÇÃO > FERRAMENTAS > Ferramentas de corte e desbaste"
Broca para Metais 10.30mm DIN 338N Afiação em Cruz 2608577271 BOSCH 2608577271000 BOSCH,BOSCH,2608577271,"MRO: MATERIAL, REPARO E OPERAÇÃO > FERRAMENTAS > Ferramentas de corte e desbaste"
Broca SDS Max 26 x 540 x 400mm para Concreto P-77958 MAKITA P-77958 MAKITA,MAKITA,P-77958,"MRO: MATERIAL, REPARO E OPERAÇÃO > FERRAMENTAS > Ferramentas de corte e desbaste"
"Fresa Topo Reto Metal Duro 2,00mm 4 Cortes 36900 HT 36900 HT",HT,36900,"MRO: MATERIAL, REPARO E OPERAÇÃO > FERRAMENTAS > Ferramentas de corte e desbaste"
"Fresa Chanfrar 7/16"" Haste 1/4"" com Rolamento 2608628416 BOSCH 2608628416000 BOSCH",BOSCH,2608628416,"MRO: MATERIAL, REPARO E OPERAÇÃO > FERRAMENTAS > Ferramentas de corte e desbaste"
Calibrador de Boca Ajustável sem Relógio com Alavanca de Acionamento 0 a 40mm 132.010D DIGIMESS 87061 DIGIMESS,DIGIMESS,132.010D,"MRO: MATERIAL, REPARO E OPERAÇÃO > FERRAMENTAS > Ferramentas de medição"
"Abraçadeira de Aço Tipo D com Cunha 4"" SDC4Z SUPERA SDC4Z SUPERA",SUPERA,SDC4Z,"MRO: MATERIAL, REPARO E OPERAÇÃO > FERRAMENTAS > Ferramentas de medição"
"Esmerilhadeira Angular 5"" 2 Baterias 18V Carregador Bivolt e Maleta PTFL-7037K PUMA PTFL-7037K PUMA",PUMA,PTFL-7037K,"MRO: MATERIAL, REPARO E OPERAÇÃO > FERRAMENTAS > Ferramentas elétricas"
Moto Esmeril e Lixadeira de Cinta 370W 2 em 1 110V MLV 370 6001370127 VONDER 6001370127 VONDER,VONDER,6001370127,"MRO: MATERIAL, REPARO E OPERAÇÃO > FERRAMENTAS > Ferramentas elétricas"
"Moto Esmeril de Bancada 5"" 1CV Monofásico Bivolt 42400150 TRAMONTINA MASTER 42400150 TRAMONTINA MASTER",TRAMONTINA MASTER,42400/150,"MRO: MATERIAL, REPARO E OPERAÇÃO > FERRAMENTAS > Ferramentas elétricas"
LIXADEIRA ORBTIAL 1/4 DE FOLHA 240W 127V WS4151U WESCO,WESCO, ,"MRO: MATERIAL, REPARO E OPERAÇÃO > FERRAMENTAS > Ferramentas elétricas"
PARAFUSADEIRA/FURADEIRA A CABO GSR 7-14E 127V 06014470D0-000BOSCH. BOSCH,BOSCH, ,"MRO: MATERIAL, REPARO E OPERAÇÃO > FERRAMENTAS > Ferramentas elétricas"
COMPRESSOR DE AR 25L 220V CP8525-2C TEKNA. TEKNA,TEKNA, ,"MRO: MATERIAL, REPARO E OPERAÇÃO > FERRAMENTAS > Ferramentas elétricas"
"Parafusadeira 1/4"" 701W 110V com Maleta GSR 6-25 TE BOSCH 06014450D0000 BOSCH",BOSCH,06014450D0 GSR 6-25TE,"MRO: MATERIAL, REPARO E OPERAÇÃO > FERRAMENTAS > Ferramentas elétricas"
FORMAO OLHO DE TIGRE CHAFRADO 3/8 POL 10 MM EMBO 245059 MTX.. MTX,MTX, ,"MRO: MATERIAL, REPARO E OPERAÇÃO > FERRAMENTAS > Ferramentas para construção civil"
NIVEL DE ALUMINIO 24 600MM 3 BOLHAS C/REGUA VERMELHO 332239 MTX. MTX,MTX, ,"MRO: MATERIAL, REPARO E OPERAÇÃO > FERRAMENTAS > Ferramentas para construção civil"
LIMA NICHOLSON FACAO / AGRO 8POL 08994E NICHOLSON.,NICHOLSON, ,"MRO: MATERIAL, REPARO E OPERAÇÃO > FERRAMENTAS > Ferramentas para pintura"
LUVA SOLDADOR AZUL CANO LONGO 342 GALZER. GALZER,GALZER, ,"MRO: MATERIAL, REPARO E OPERAÇÃO > FERRAMENTAS > Ferramentas para solda"
FRESA ACO RAPIDO 5MM 4 CORTES LONGA HSS HT,CORDEIRO, ,"MRO: MATERIAL, REPARO E OPERAÇÃO > FERRAMENTAS > Outras ferramentas manuais"
"Soquete Impacto Sextavado 15mm Encx 1/2"""" Branco 720MC BETA 007202015 BETA",BETA,720MC,"MRO: MATERIAL, REPARO E OPERAÇÃO > FERRAMENTAS > Outras ferramentas manuais"
HASTE 9X9MM COMPR. 50MM P/REL. APAL. S.513 953.638 MITUTOYO,MITUTOYO, ,"MRO: MATERIAL, REPARO E OPERAÇÃO > FERRAMENTAS > Outras ferramentas manuais"
DISCO ACABAMENTO AMF 50MM SF ROLOC H0001496647 - 3M,3M,H0001496647,"MRO: MATERIAL, REPARO E OPERAÇÃO > FERRAMENTAS > Outras ferramentas manuais"
"Soquete Estriado em aço Cromo Vanádio 9 mm - Encaixe 1/2"" 44833/109 TRAMONTINA PRO 44833109 TRAMONTINA PRO",TRAMONTINA PRO,44833/109,"MRO: MATERIAL, REPARO E OPERAÇÃO > FERRAMENTAS > Outras ferramentas manuais"
"Chave Catraca Redonda Reversível 3/8"" 203mm Trabalho em Altura 44395/007 TRAMONTINA PRO 44395007 TRAMONTINA PRO",TRAMONTINA PRO,44395/007,"MRO: MATERIAL, REPARO E OPERAÇÃO > FERRAMENTAS > Outras ferramentas manuais"
"MACHO MÁQUINA M4 X 0,7 ESPECÍFICO P/ALUMÍNIO DIN371 SFT-AL 169 OSG",OSG, ,"MRO: MATERIAL, REPARO E OPERAÇÃO > FERRAMENTAS > Outras ferramentas manuais"
PAQUIMETRO DIGITAL 40  1000MM SERV. PESADO 100.182 DIGIMESS,DIGIMESS, ,"MRO: MATERIAL, REPARO E OPERAÇÃO > FERRAMENTAS > Outras ferramentas manuais"
SERRA COPO AÇO INOX 35MM  HEAVY DUTY,HEAVY DUTY, ,"MRO: MATERIAL, REPARO E OPERAÇÃO > FERRAMENTAS > Outras ferramentas manuais"
FITA ADESIVA EMPAC PP TRANSP 48MMX 50M TARTAN HB004741144 - 3M 7018716,3M,7018716,"MRO: MATERIAL, REPARO E OPERAÇÃO > FERRAMENTAS > Outras ferramentas manuais"
CHAVE COMB ACRV 8MM X8MM X125MM 1B-8MM - GEDORE 1B8MM,GEDORE,1B8MM,"MRO: MATERIAL, REPARO E OPERAÇÃO > FERRAMENTAS > Outras ferramentas manuais"
SOQUETE ALLEN 1/2  X 9MM DE IMPACTO 016.261 / 080.143 GEDORE,GEDORE, ,"MRO: MATERIAL, REPARO E OPERAÇÃO > FERRAMENTAS > Outras ferramentas manuais"
SACA POLIA HIDR 3 GARRAS ARTIC 180MM 8567 H - GEDORE 8567H,GEDORE,8567H,"MRO: MATERIAL, REPARO E OPERAÇÃO > FERRAMENTAS > Outras ferramentas manuais"
SERRA FITA P/ MADEIRA WPP 10 X 4/P  (ROLO PROD.) STARRETT,STARRETT SF, ,"MRO: MATERIAL, REPARO E OPERAÇÃO > FERRAMENTAS > Outras ferramentas manuais"
"SERRA FITA BIMET INTENSS 27X0,9MM 10-14DPP 4,48M IT27X10-14* STARRETT IT27X10-14/S-4,48",STARRETT,"IT27X10-14/S-4,48","MRO: MATERIAL, REPARO E OPERAÇÃO > FERRAMENTAS > Outras ferramentas manuais"
"MACHO MN 352 M M22 X 2,5MM HSS 3PCS E100M22NO8 DORMER",DORMER,E100M22NO8,"MRO: MATERIAL, REPARO E OPERAÇÃO > FERRAMENTAS > Outras ferramentas manuais"
ANEL PADRAO DE 300MM 177-312 MITUTOYO,MITUTOYO, ,"MRO: MATERIAL, REPARO E OPERAÇÃO > FERRAMENTAS > Outras ferramentas manuais"
PONTA MONTADA B-70  PM B-70 DRV,CORDEIRO, ,"MRO: MATERIAL, REPARO E OPERAÇÃO > FERRAMENTAS > Outras ferramentas manuais"
ALICATE CORTE DIAGONAL 44002/106 TRAMONTINA. TRAMONTINA,TRAMONTINA, ,"MRO: MATERIAL, REPARO E OPERAÇÃO > FERRAMENTAS > Outras ferramentas manuais"
"GERADOR DE ENERGIA REFRIGERADO A ÁGUA TD25SGE3  4T 27,5KVA PARTIDA ELÉTRICA TOYAMA",TOYAMA, ,"MRO: MATERIAL, REPARO E OPERAÇÃO > FERRAMENTAS > Outras ferramentas manuais"
BROCA HELIC HSS/CO BRI CIL 18X 191MM A90018.0 DORMER,DORMER,A90018.0,"MRO: MATERIAL, REPARO E OPERAÇÃO > FERRAMENTAS > Outras ferramentas manuais"
JOGO DE CHAVE TORX VERIFICADOR PLASTICO 024.700 GEDORE,GEDORE, ,"MRO: MATERIAL, REPARO E OPERAÇÃO > FERRAMENTAS > Outras ferramentas manuais"
MARTELETE ELET 220V 1700W SDS MAX GBH 12-52 D BOSCH,BOSCH,GBH 12-52 D,"MRO: MATERIAL, REPARO E OPERAÇÃO > FERRAMENTAS > Outras ferramentas manuais"
"TALHA MANUAL 5,0 TON ELEVACAO 3MT 61 43 050 030 VONDER",VONDER, ,"MRO: MATERIAL, REPARO E OPERAÇÃO > FERRAMENTAS > Outras ferramentas manuais"
FRESA DE BORDA DIAMETRO 1/4  HASTE 1/4  D-49806,MAKITA, ,"MRO: MATERIAL, REPARO E OPERAÇÃO > FERRAMENTAS > Outras ferramentas manuais"
R07200080 CH COMB C/CATRACA REVERSIVEL 8MM GEDORE RED.. RED,GEDORE RED, ,"MRO: MATERIAL, REPARO E OPERAÇÃO > FERRAMENTAS > Outras ferramentas manuais"
SOQUETE 1/2  X 19MM DE IMPACTO SEXTAVADO 019.014 GEDORE,GEDORE, ,"MRO: MATERIAL, REPARO E OPERAÇÃO > FERRAMENTAS > Outras ferramentas manuais"
FITA ADESIVA DUPLA FACE ESP ACR BR 19MMX 33M VHB-4970 HB004 3M HB004671119,3M,HB004671119,"MRO: MATERIAL, REPARO E OPERAÇÃO > FERRAMENTAS > Outras ferramentas manuais"
"Soquete de Impacto Sextavado em aço Cromo Molibdênio 2.1/4"" - Encaixe 1'' 44918/023 TRAMONTINA PRO 44918023 TRAMONTINA PRO",TRAMONTINA PRO,44918/023,"MRO: MATERIAL, REPARO E OPERAÇÃO > FERRAMENTAS > Outras ferramentas manuais"
ESTUFA ELETRODO 220V 120G 10KG ECG10-220V CARBOGRAFITE,CARBOGRAFITE,ECG10-220V,"MRO: MATERIAL, REPARO E OPERAÇÃO > FERRAMENTAS > Outras ferramentas manuais"
JOGO DE SOQUETE TORX ENC. 1/2  E10 A E24 (8PÇS) TRAMONTINA,TRAMONTINA, ,"MRO: MATERIAL, REPARO E OPERAÇÃO > FERRAMENTAS > Outras ferramentas manuais"
"CALIBRADOR DE FOLGA EM LAMINA 300 X 0,40MM 600.042 KINGTOOLS",KINGTOOLS, ,"MRO: MATERIAL, REPARO E OPERAÇÃO > FERRAMENTAS > Outras ferramentas manuais"
CHAVE COMBINADA 5/16 42245/101 TRAMONTINA. TRAMONTINA,TRAMONTINA, ,"MRO: MATERIAL, REPARO E OPERAÇÃO > FERRAMENTAS > Outras ferramentas manuais"
"CHAVE AJUSTAVEL 18MM 6"" A.FAISC 44207006 TRAMONTINA GARIBALDI",TRAMONTINA GARIBALDI,44207006,"MRO: MATERIAL, REPARO E OPERAÇÃO > FERRAMENTAS > Outras ferramentas manuais"
"CALIBRADOR DE FOLGA EM LAMINA 12  X 1/2  X 0,001  667-1 STAR",STARRETT, ,"MRO: MATERIAL, REPARO E OPERAÇÃO > FERRAMENTAS > Outras ferramentas manuais"
IMPLEMENTO HT - KA MOTOPODA 1/4 30CM 12  71PM3 STIHL *,STIHL , ,"MRO: MATERIAL, REPARO E OPERAÇÃO > FERRAMENTAS > Outras ferramentas manuais"
"Cabeça 16mm de Chave Fixa 13/16"" para Torquímetro Estalo 8791-13/16 GEDORE 048483 GEDORE",GEDORE,8791-13/16,"MRO: MATERIAL, REPARO E OPERAÇÃO > FERRAMENTAS > Outras ferramentas manuais"
SUPORTE PARA EXTRACAO EXTERNA 1.40/5 040.952 GEDORE,GEDORE, ,"MRO: MATERIAL, REPARO E OPERAÇÃO > FERRAMENTAS > Outras ferramentas manuais"
ALICATE BOMBA D'AGUA 10  1571855 SPARTA,SPARTA, ,"MRO: MATERIAL, REPARO E OPERAÇÃO > FERRAMENTAS > Outras ferramentas manuais"
SOQUETE SEXT DE IMPACTO 10MM CRMO 1/2 1320155 STELS. STELS,STELS, ,"MRO: MATERIAL, REPARO E OPERAÇÃO > FERRAMENTAS > Outras ferramentas manuais"
CHAVE DE GARRAS P/ PORCA AMORTECEDOR TEMPRA 143343 RAVEN,RAVEN, ,"MRO: MATERIAL, REPARO E OPERAÇÃO > FERRAMENTAS > Outras ferramentas manuais"
DESEMPENO DE GRANITO 1000 X 750 X 150 517-307MSZ MITUTOYO,MITUTOYO, ,"MRO: MATERIAL, REPARO E OPERAÇÃO > FERRAMENTAS > Outras ferramentas manuais"
APLICADOR FITA ADESIVA 50MM AFA-050 WESTERN,WESTERN, ,"MRO: MATERIAL, REPARO E OPERAÇÃO > FERRAMENTAS > Outras ferramentas manuais"
CHAVE FIXA 10 X 11MM FOSFATIZADO 1432255 SPARTA. SPARTA,SPARTA, ,"MRO: MATERIAL, REPARO E OPERAÇÃO > FERRAMENTAS > Outras ferramentas manuais"
"ARCO SERRA FIXO 12"" AC ESP FECHAD 403 - GEDORE",GEDORE,403,"MRO: MATERIAL, REPARO E OPERAÇÃO > FERRAMENTAS > Outras ferramentas manuais"
Talhadeira para Martelo SDS Plus 20x250mm 2608690144 BOSCH 2608690144000 BOSCH,BOSCH,2608690144,"MRO: MATERIAL, REPARO E OPERAÇÃO > FERRAMENTAS > Outras ferramentas manuais"
CHAVE COMBINADA COM CATRACA DE 8MM ST43201ST SATA,SATA, ,"MRO: MATERIAL, REPARO E OPERAÇÃO > FERRAMENTAS > Outras ferramentas manuais"
SABRE P/ MOTOSSERRA 25  (MS650/660/460) STIHL  3003-001-5631,STIHL , ,"MRO: MATERIAL, REPARO E OPERAÇÃO > FERRAMENTAS > Outras ferramentas manuais"
CHAVE COMBINADA 2.1/4  CROMO-VANADIUM 002 580 (1B) GEDORE,GEDORE, ,"MRO: MATERIAL, REPARO E OPERAÇÃO > FERRAMENTAS > Outras ferramentas manuais"
"Alicate de Pressão 7"" Bico Longo 1058 175 BETA 010580017 BETA",BETA,1058 175,"MRO: MATERIAL, REPARO E OPERAÇÃO > FERRAMENTAS > Outras ferramentas manuais"
INTERRUPTOR DESLISANTE QUICK-STEP 48L480 WALTER,WALTER, ,"MRO: MATERIAL, REPARO E OPERAÇÃO > FERRAMENTAS > Outras ferramentas manuais"
LAVADORA DE ALTA PRESSÃO A GASOLINA TPW3400T-XP 3400 PSI 4T 223CC TOYAMA,TOYAMA, ,"MRO: MATERIAL, REPARO E OPERAÇÃO > FERRAMENTAS > Outras ferramentas manuais"
SERRA COPO BI-METAL 168MM FAST CUTFCH168M-G STARRETT,STARRETT, ,"MRO: MATERIAL, REPARO E OPERAÇÃO > FERRAMENTAS > Outras ferramentas manuais"
SUPORTE P/FERRAMENTAS 35MM SM-A1 MARCON,MARCON, ,"MRO: MATERIAL, REPARO E OPERAÇÃO > FERRAMENTAS > Outras ferramentas manuais"
"Jogo de Macho Manual HSS M16x2,00mm Din 352 Esquerdo com 3 Peças 101 OSG 18888 OSG",OSG,101,"MRO: MATERIAL, REPARO E OPERAÇÃO > FERRAMENTAS > Outras ferramentas manuais"
CHAVE PARA TUBO DE 10 POL. MAYLE CRESCENT,MAYLE CRESCENT, ,"MRO: MATERIAL, REPARO E OPERAÇÃO > FERRAMENTAS > Outras ferramentas manuais"
MÓDULO P/MEDIÇÃO DE PRESSÃO C/DUAS FAIXAS 15  TO 100  FLUKE-750PD6,FLUKE, ,"MRO: MATERIAL, REPARO E OPERAÇÃO > FERRAMENTAS > Outras ferramentas manuais"
MORSA PARA MÁQUINA MMMI 5 100MM METALCAVA,METALCAVA, ,"MRO: MATERIAL, REPARO E OPERAÇÃO > FERRAMENTAS > Outras ferramentas manuais"
Chave Válvula Segurança 50mm Antifaiscante 965BA BETA 009650850 BETA,BETA,965BA,"MRO: MATERIAL, REPARO E OPERAÇÃO > FERRAMENTAS > Outras ferramentas manuais"
CHAVE ESTRELA 10X11MM 44630/103 TRAMONTINA. TRAMONTINA,TRAMONTINA, ,"MRO: MATERIAL, REPARO E OPERAÇÃO > FERRAMENTAS > Outras ferramentas manuais"
BROCA COM 3 PONTAS PARA MADEIRA 8.0MM CORTAG,CORTAG, ,"MRO: MATERIAL, REPARO E OPERAÇÃO > FERRAMENTAS > Outras ferramentas manuais"
FILTRO MALHA  60 PARA MÁQUINA DE PINTURA AIRLESS - VONDER-62.20.111.009 VONDER,VONDER,VONDER-62.20.111.009,"MRO: MATERIAL, REPARO E OPERAÇÃO > FERRAMENTAS > Outras ferramentas manuais"
GRAMPO P/ GRAMPEADOR MEDIO 51MM (AT1150) F-32139 MAKITA,MAKITA, ,"MRO: MATERIAL, REPARO E OPERAÇÃO > FERRAMENTAS > Outras ferramentas manuais"
"CHAVE RODA CRUZ 4 BOCAS 17X19X13/16X7/8"" 44710002 TRAMONTINA GARIBALDI",TRAMONTINA GARIBALDI,44710002,"MRO: MATERIAL, REPARO E OPERAÇÃO > FERRAMENTAS > Outras ferramentas manuais"
Chave Fixa 22 x 24mm ST41210SC SATA ST41210SC SATA,SATA,ST41210SC,"MRO: MATERIAL, REPARO E OPERAÇÃO > FERRAMENTAS > Outras ferramentas manuais"
SOQUETE SEXTAVADO DE IMPACTO 3/4  X 1.3/16  44892/108 TRAMO,TRAMONTINA, ,"MRO: MATERIAL, REPARO E OPERAÇÃO > FERRAMENTAS > Outras ferramentas manuais"
ADAPTADOR TIPO CANHÃO  Ñ MAGNETICO 1/4  REF 11674-13 054 349,GEDORE, ,"MRO: MATERIAL, REPARO E OPERAÇÃO > FERRAMENTAS > Outras ferramentas manuais"
PARAFUSADEIRA FURADEIRA BRUSHLESS 12V COM BOLSA E ACESSÓRIOS - KRESS-KUA12.1 KRESS,KRESS,KRESS-KUA12.1,"MRO: MATERIAL, REPARO E OPERAÇÃO > FERRAMENTAS > Outras ferramentas manuais"
ARMARIO AM-41 MARCON,MARCON, ,"MRO: MATERIAL, REPARO E OPERAÇÃO > FERRAMENTAS > Outras ferramentas manuais"
MOTO ESMERIL 6  1/2HP MONO THOR CEL,CORDEIRO, ,"MRO: MATERIAL, REPARO E OPERAÇÃO > FERRAMENTAS > Outras ferramentas manuais"
INVERSOR DE SOLDA RIV 206 AC/DC COM TOCHA TIG  VONDER,VONDER, ,"MRO: MATERIAL, REPARO E OPERAÇÃO > FERRAMENTAS > Outras ferramentas manuais"
BICO INFLADOR DUPLO ROSCA F 1/4POL. COM PRESILHA  SCHWEERS,SCHWEERS, ,"MRO: MATERIAL, REPARO E OPERAÇÃO > FERRAMENTAS > Outras ferramentas manuais"
TALHA MANUAL 1 TONELADA COM CORRENTE 5 METROS CSM,CSM, ,"MRO: MATERIAL, REPARO E OPERAÇÃO > FERRAMENTAS > Outras ferramentas manuais"
ESPONJA MULTIUSO 102X260MM SCOTCH-BRITE H0001629981 - 3M,3M,H0001629981,"MRO: MATERIAL, REPARO E OPERAÇÃO > FERRAMENTAS > Outras ferramentas manuais"
CHAVE ESTRELA DE BATER 55MM STELS,STELS, ,"MRO: MATERIAL, REPARO E OPERAÇÃO > FERRAMENTAS > Outras ferramentas manuais"
TAMPO EM ANGELIN BICOLADO ENVERNIZ. 1600 X 730 X 45MM MA-2 MARCON,MARCON, ,"MRO: MATERIAL, REPARO E OPERAÇÃO > FERRAMENTAS > Outras ferramentas manuais"
RODIZIO FIXO DE POLIURETANO 6  CAP.280KG RM-92 MARCON,MARCON, ,"MRO: MATERIAL, REPARO E OPERAÇÃO > FERRAMENTAS > Outras ferramentas manuais"
ESMERILHADEIRA ANGULA 5  125MM 1.500W 11000 RPM 220V DWE4314N-B2,DEWALT, ,"MRO: MATERIAL, REPARO E OPERAÇÃO > FERRAMENTAS > Outras ferramentas manuais"
SERRA TICO-TICO A BATERIA COM LÂMINA DE CORTE 18V  - WESCO-WS23059 WESCO,WESCO,WESCO-WS23059,"MRO: MATERIAL, REPARO E OPERAÇÃO > FERRAMENTAS > Outras ferramentas manuais"
PINO P/ PINADOR PNEUMATICO 25MM (CX 5000) MTX,MTX, ,"MRO: MATERIAL, REPARO E OPERAÇÃO > FERRAMENTAS > Outras ferramentas manuais"
CHAVE FIXA 6-36 X 41 GEDORE.. GEDORE,GEDORE, ,"MRO: MATERIAL, REPARO E OPERAÇÃO > FERRAMENTAS > Outras ferramentas manuais"
CHAVE T ALLEN ACRV FOSF FIXA 5X 195MM 42T-5MM - GEDORE 42T5MM,GEDORE,42T5MM,"MRO: MATERIAL, REPARO E OPERAÇÃO > FERRAMENTAS > Outras ferramentas manuais"
MARTELO TIPO PENA 300GRS 40443/005 TRAMONTINA MASTER,TRAMONTINA, ,"MRO: MATERIAL, REPARO E OPERAÇÃO > FERRAMENTAS > Outras ferramentas manuais"
MICROMETRO EXTERNO DIG. S/SAIDA C/IP67 0-25MM 796.1MXRL-2,STARRETT, ,"MRO: MATERIAL, REPARO E OPERAÇÃO > FERRAMENTAS > Outras ferramentas manuais"
PARAFUSADEIRA/FURADEIRA A BATERIA 18V 3/8 POL. SEM CARREGADOR E - DWT-6014182000 DWT,DWT,DWT-6014182000,"MRO: MATERIAL, REPARO E OPERAÇÃO > FERRAMENTAS > Outras ferramentas manuais"
SOQUETE SEXTAVADO LONGO DE 13MM COM ENCAIXE 1/4 POL. GEDORE RED,GEDORE RED, ,"MRO: MATERIAL, REPARO E OPERAÇÃO > FERRAMENTAS > Outras ferramentas manuais"
CHAVE PHILLIPS 3/8  X 8  036.363 ENCARTELADA GEDORE,GEDORE, ,"MRO: MATERIAL, REPARO E OPERAÇÃO > FERRAMENTAS > Outras ferramentas manuais"
JOGO DE MACHO UNF Nº12 (7/32 ) 28 FIOS (3PÇS) AÇO LIGA WS ANSI HTOM,HTOM, ,"MRO: MATERIAL, REPARO E OPERAÇÃO > FERRAMENTAS > Outras ferramentas manuais"
"PINCA 2,4MM P/TOCHA TIG HW26ER (0705915) ESAB",ESAB, ,"MRO: MATERIAL, REPARO E OPERAÇÃO > FERRAMENTAS > Outras ferramentas manuais"
CHAVE ALLEN JG 428P 1/16 A 1/4 C/ 8 PECAS GEDORE. GEDORE,GEDORE, ,"MRO: MATERIAL, REPARO E OPERAÇÃO > FERRAMENTAS > Outras ferramentas manuais"
MARRETA C/ CABO DE BORRACHA ALMA AÇO 6KG 050.883 GEDORE,GEDORE, ,"MRO: MATERIAL, REPARO E OPERAÇÃO > FERRAMENTAS > Outras ferramentas manuais"
SOQ EST 1/2 POL ACO CRV ENCAIXE 1394755 STELS. STELS,STELS, ,"MRO: MATERIAL, REPARO E OPERAÇÃO > FERRAMENTAS > Outras ferramentas manuais"
Martelo Alemão 42mm Cabo Fibra 1370FT BETA 013700542 BETA,BETA,1370FT,"MRO: MATERIAL, REPARO E OPERAÇÃO > FERRAMENTAS > Outras ferramentas manuais"
"CHAVE JG FENDA/PHIL 5PC AZ 1/8X3-1/4X6-8""/1/8XPH0-3/16XPH1 - GEDORE 150160S3",GEDORE,150160S3,"MRO: MATERIAL, REPARO E OPERAÇÃO > FERRAMENTAS > Outras ferramentas manuais"
SERRA COPO BI-METAL 46MM POWER CHANGE 2 608 584 633 BOSCH,BOSCH, ,"MRO: MATERIAL, REPARO E OPERAÇÃO > FERRAMENTAS > Outras ferramentas manuais"
CHAVE PHILLIPS TOCO 1/4  X 1.1/2  036.420 GEDORE,GEDORE, ,"MRO: MATERIAL, REPARO E OPERAÇÃO > FERRAMENTAS > Outras ferramentas manuais"
ALICATE UNIVERSAL 8  ISOLADO IEC 44300/008 TRAMONTINA,TRAMONTINA, ,"MRO: MATERIAL, REPARO E OPERAÇÃO > FERRAMENTAS > Outras ferramentas manuais"
"Soquete Estriado em aço Cromo Vanádio 28 mm - Encaixe 3/4"" 44853/128 TRAMONTINA PRO 44853128 TRAMONTINA PRO",TRAMONTINA PRO,44853/128,"MRO: MATERIAL, REPARO E OPERAÇÃO > FERRAMENTAS > Outras ferramentas manuais"
DISCO DE LIXA 125MM GR150 C/VELCRO C/10PÇS D-54184,MAKITA, ,"MRO: MATERIAL, REPARO E OPERAÇÃO > FERRAMENTAS > Outras ferramentas manuais"
CHAVE POLIGONAL ABERTA 10 X 11MM 44635/102 TRAMONTINA,TRAMONTINA, ,"MRO: MATERIAL, REPARO E OPERAÇÃO > FERRAMENTAS > Outras ferramentas manuais"
ANEL VEDACAO REDONDO N12 X 2  9645-948-7526  RE-98,STIHL , ,"MRO: MATERIAL, REPARO E OPERAÇÃO > FERRAMENTAS > Outras ferramentas manuais"
Manipulo para Chave Estrela Pesada 46 a 55mm 25 x 760 mm 92/3 BETA 000920030 BETA,BETA,92/3,"MRO: MATERIAL, REPARO E OPERAÇÃO > FERRAMENTAS > Outras ferramentas manuais"
CHAVE ESTRELA  SATA 12X14 MM ST42204SC SATA.,SATA, ,"MRO: MATERIAL, REPARO E OPERAÇÃO > FERRAMENTAS > Outras ferramentas manuais"
TALAB EM Y ELAST C/ABS G55MM PT/LAR WPSAN245140ADD DELTA,DELTA, ,"MRO: MATERIAL, REPARO E OPERAÇÃO > FERRAMENTAS > Outras ferramentas manuais"
SOQUETE 1/2  X 27MM DE IMPACTO LONGO 44885/127 TRAMONTINA,TRAMONTINA, ,"MRO: MATERIAL, REPARO E OPERAÇÃO > FERRAMENTAS > Outras ferramentas manuais"
BROCA PARA MADEIRA 3 X 61MM COM 10 UNIDADES MAKITA,MAKITA, ,"MRO: MATERIAL, REPARO E OPERAÇÃO > FERRAMENTAS > Outras ferramentas manuais"
"PINO GRAXEIRO 65G AC 1/8"" NPT 23C WASINGER",WASINGER,23C,"MRO: MATERIAL, REPARO E OPERAÇÃO > FERRAMENTAS > Outras ferramentas manuais"
LIXADEIRA DE PAREDE 750WTS 220V LPC750 CSM,CSM, ,"MRO: MATERIAL, REPARO E OPERAÇÃO > FERRAMENTAS > Outras ferramentas manuais"
Bit Impacto Hexagonal 14mm Encx 16mm 727/ES16 BETA 007270114 BETA,BETA,727/ES16,"MRO: MATERIAL, REPARO E OPERAÇÃO > FERRAMENTAS > Outras ferramentas manuais"
"CHAVE IMP PNEUM REV 1"" 3138NM 3200RPM AT5190TK - PUMA EZ9F13210",PUMA,EZ9F13210,"MRO: MATERIAL, REPARO E OPERAÇÃO > FERRAMENTAS > Outras ferramentas manuais"
PROJETOR MODULAR LED - 5.000K - LENTE 90º - BIVOLT,CONEXLED,CLF-MP150FK50CF90,"MRO: MATERIAL, REPARO E OPERAÇÃO > ILUMINAÇÃO > Luminárias"
LAMPADA FLUOR TUB T10 5000K G13 40W T1040W/75750 PHILIPS,PHILIPS,T1040W/75750,"MRO: MATERIAL, REPARO E OPERAÇÃO > ILUMINAÇÃO > Outros objetos de iluminação"
LUMINARIA REFLETOR LED RETANG SOBREPOR PT 30W BIVOLT 5000K LUZ DO DIA 3600LM DI,OSRAM/LEDVANCE, ,"MRO: MATERIAL, REPARO E OPERAÇÃO > ILUMINAÇÃO > Outros objetos de iluminação"
SINALIZ SON CAMPAINHA 220V - PIAL 41278,PIAL,41278,"MRO: MATERIAL, REPARO E OPERAÇÃO > ILUMINAÇÃO > Outros objetos de iluminação"
LAMPADA FLUORESCENTE TUBULAR T8 32W G13 4100K BRANCO NEUTRO LUZ BRANCA 1200MM,PHILIPS, ,"MRO: MATERIAL, REPARO E OPERAÇÃO > ILUMINAÇÃO > Outros objetos de iluminação"
LAMPADA SINALIZ LED CL BA9S 24V - SADOKIN DBR-90,SADOKIN,DBR-90,"MRO: MATERIAL, REPARO E OPERAÇÃO > ILUMINAÇÃO > Outros objetos de iluminação"
LAMPADA FLUOR TUB T5 3000K G5 28W 1191MM SMARTLUX 7009685 - LEDVANCE LUMILUXT5HE28WSL830,LEDVANCE,LUMILUXT5HE28WSL830,"MRO: MATERIAL, REPARO E OPERAÇÃO > ILUMINAÇÃO > Outros objetos de iluminação"
COLA SPRAY REPOSICIONAVEL 340G/500ML 21593006200 TEKBOND,TEKBOND, ,"MRO: MATERIAL, REPARO E OPERAÇÃO > LUBRIFICANTES > Aditivos"
TINTA MAZA ZARCAO CINZA ESCURO 900ML 15454,MAZA, ,"MRO: MATERIAL, REPARO E OPERAÇÃO > LUBRIFICANTES > Aditivos"
COLA BASTAO 40G BLISTER 22201040002 TEKBOND,TEKBOND, ,"MRO: MATERIAL, REPARO E OPERAÇÃO > LUBRIFICANTES > Aditivos"
Graxa Branca Spray 300ml/200g Lítio 5986113015 5986113015 WURTH,WURTH,5986113015,"MRO: MATERIAL, REPARO E OPERAÇÃO > LUBRIFICANTES > Graxas"
"CONDULETE AL T 1"" S/R NAT S/TP S/V S/PINT 56106313 - TRAMONTINA ELETRICA 56117007",TRAMONTINA ELETRICA,56117007,"MRO: MATERIAL, REPARO E OPERAÇÃO > MATERIAIS DIVERSOS > Outros materiais MRO"
CONVERSOR SINAL MINI 24V MCR-SL-U-U,PHOENIX, ,"MRO: MATERIAL, REPARO E OPERAÇÃO > MATERIAIS DIVERSOS > Outros materiais MRO"
MODULO TOMADA 1 MOD BR 2P+T 10A 250V BA PLUS+ 615038BC PIAL LEGRAND,PIAL LEGRAND,615038BC,"MRO: MATERIAL, REPARO E OPERAÇÃO > MATERIAIS DIVERSOS > Outros materiais MRO"
"PARTIDA 3RM1 DIR SAFETY 1,6-7A PARAF",SIEMENS, ,"MRO: MATERIAL, REPARO E OPERAÇÃO > MATERIAIS DIVERSOS > Outros materiais MRO"
BARRAMENTO ELET N 12F 100A 12X16MM2 AZ 928051 - CEMAR LEGRAND,CEMAR LEGRAND,928051,"MRO: MATERIAL, REPARO E OPERAÇÃO > MATERIAIS DIVERSOS > Outros materiais MRO"
DISJUNTOR CAIXA MOLDADA TRIPOLAR 25A 36KA 380/415V 50/60HZ,ABB, ,"MRO: MATERIAL, REPARO E OPERAÇÃO > MATERIAIS DIVERSOS > Outros materiais MRO"
PLACA COMUNIC VW3A3422 VW3A3422 - SCHNEIDER,SCHNEIDER,VW3A3422,"MRO: MATERIAL, REPARO E OPERAÇÃO > MATERIAIS DIVERSOS > Outros materiais MRO"
MANTA REPARO COBERT CABO BORR-EPR 70-185MM 35KV HB004208078 HB004208078 - 3M,3M,HB004208078,"MRO: MATERIAL, REPARO E OPERAÇÃO > MATERIAIS DIVERSOS > Outros materiais MRO"
"PLACA 3+3 POSTOS 4X4"" BR PLUS+ 618516BC - PIAL LEGRAND",PIAL LEGRAND,618516BC,"MRO: MATERIAL, REPARO E OPERAÇÃO > MATERIAIS DIVERSOS > Outros materiais MRO"
DISJUNTOR CAIXA MOLDADA TRIPOLAR 100A 18KA 380/415V 50/60HZ,WEG, ,"MRO: MATERIAL, REPARO E OPERAÇÃO > MATERIAIS DIVERSOS > Outros materiais MRO"
LANTERNA P/ BICICLETA VONDER. VONDER,VONDER, ,"MRO: MATERIAL, REPARO E OPERAÇÃO > MATERIAIS DIVERSOS > Outros materiais MRO"
PERFIL COBERTURA DAS BORDAS P/ BARRAS 1000MM C/10PC 9676042 9676042 - RITTAL,RITTAL,9676042,"MRO: MATERIAL, REPARO E OPERAÇÃO > MATERIAIS DIVERSOS > Outros materiais MRO"
MODULO TOMADA TELEFONE RJ11 (4 FIOS) 1 MOD BC COMPOSE,WEG, ,"MRO: MATERIAL, REPARO E OPERAÇÃO > MATERIAIS DIVERSOS > Outros materiais MRO"
INDICADOR DIG TEMP PAINEL PROG 4DIG PT 24V 4-20MA USB N1040I N1040-I - NOVUS,NOVUS,N1040-I,"MRO: MATERIAL, REPARO E OPERAÇÃO > MATERIAIS DIVERSOS > Outros materiais MRO"
ANILHA PVC AM 4-16MM2 (N) MHG MHG4/9 - HELLERMANN SUPERLED 03265,HELLERMANN,SUPERLED 03265,"MRO: MATERIAL, REPARO E OPERAÇÃO > MATERIAIS DIVERSOS > Outros materiais MRO"
"CONECTOR UNIDUT RETO AL S/V S/R 2.1/2"" 56131007 56131007 - TRAMONTINA",TRAMONTINA,56131007,"MRO: MATERIAL, REPARO E OPERAÇÃO > MATERIAIS DIVERSOS > Outros materiais MRO"
CHAVE PARTIDA DIRETA TRIFASICO 380V,WEG, ,"MRO: MATERIAL, REPARO E OPERAÇÃO > MATERIAIS DIVERSOS > Outros materiais MRO"
INTERRUPTOR DIFERENCIAL RESIDUAL 3P+N 40A 30MA 10KA 400V 50HZ TIPO A,SIEMENS, ,"MRO: MATERIAL, REPARO E OPERAÇÃO > MATERIAIS DIVERSOS > Outros materiais MRO"
DISJUNTOR MINI DIN TRIPOLAR 1A CURVA C 40KA 220/380V,SIEMENS, ,"MRO: MATERIAL, REPARO E OPERAÇÃO > MATERIAIS DIVERSOS > Outros materiais MRO"
LAMP LED T8 G13 6500K BIV 40W 2400MM OUROLUX SUPERLED TUBE HO,OUROLUX,SUPERLED TUBE HO 40W,"MRO: MATERIAL, REPARO E OPERAÇÃO > MATERIAIS DIVERSOS > Outros materiais MRO"
CONVERSOR CORRENTE E-12VDC S-12VDC 5A QUINT-OS/12DC/24DC/5,PHOENIX, ,"MRO: MATERIAL, REPARO E OPERAÇÃO > MATERIAIS DIVERSOS > Outros materiais MRO"
MODULO ADAPTADOR RJ45 1 MOD BC (EMB C/2UN) REFINATTO,WEG, ,"MRO: MATERIAL, REPARO E OPERAÇÃO > MATERIAIS DIVERSOS > Outros materiais MRO"
DISJUNTOR MOTOR TRIPOLAR 32A 400V 100KA 400V 50/60HZ,SIEMENS, ,"MRO: MATERIAL, REPARO E OPERAÇÃO > MATERIAIS DIVERSOS > Outros materiais MRO"
TAMPA PAINEL MOD AC CZ CL 400X225X25MM 8PQ20224BA01 - SIEMENS  8PQ20224BA01,SIEMENS,8PQ20224BA01,"MRO: MATERIAL, REPARO E OPERAÇÃO > MATERIAIS ELÉTRICOS E ELETRÔNICOS > Outros componentes eletrônicos"
VISOR REPOSICAO POLIC IPT E060093002 - WETZEL  E060093002,WETZEL,E060093002,"MRO: MATERIAL, REPARO E OPERAÇÃO > MATERIAIS ELÉTRICOS E ELETRÔNICOS > Outros componentes eletrônicos"
ALPHA-QDR/S/IP43/1100X300 8GK11025KK12 - SIEMENS  8GK11025KK12,SIEMENS,8GK11025KK12,"MRO: MATERIAL, REPARO E OPERAÇÃO > MATERIAIS ELÉTRICOS E ELETRÔNICOS > Outros componentes eletrônicos"
RELE SUPERVISAO ISOL 380V C9041912000 - CONEXEL  C9041912000,CONEXEL,C9041912000,"MRO: MATERIAL, REPARO E OPERAÇÃO > MATERIAIS ELÉTRICOS E ELETRÔNICOS > Outros componentes eletrônicos"
LUVA PROT MEC VAQ T M VT220,ROSA CAMPOS, ,"MRO: MATERIAL, REPARO E OPERAÇÃO > MATERIAIS ELÉTRICOS E ELETRÔNICOS > Outros materiais elétricos"
ACESSORIO FRONTAL MONOBL ANTIVANDALISMO 1 BOT INOX 333114,PIAL, ,"MRO: MATERIAL, REPARO E OPERAÇÃO > MATERIAIS ELÉTRICOS E ELETRÔNICOS > Outros materiais elétricos"
"Redução com Rosca 1.1/2"" x 1"" 56124/009 TRAMONTINA ELETRIK 56124009 TRAMONTINA ELETRIK",TRAMONTINA ELETRIK,56124/009,"MRO: MATERIAL, REPARO E OPERAÇÃO > MATERIAIS ELÉTRICOS E ELETRÔNICOS > Outros materiais elétricos"
FRONT BOT ILUM RED VD 22MM A22RLTRGN ,EATON,A22RLTRGN,"MRO: MATERIAL, REPARO E OPERAÇÃO > MATERIAIS ELÉTRICOS E ELETRÔNICOS > Outros materiais elétricos"
S8 SUP W10-8PQ9157-7AA20,SIEMENS, ,"MRO: MATERIAL, REPARO E OPERAÇÃO > MATERIAIS ELÉTRICOS E ELETRÔNICOS > Outros materiais elétricos"
PLACA REDONDA 3+3 POSTOS 4X4 SKY - PIAL LNB4826TS,PIAL,LNB4826TS,"MRO: MATERIAL, REPARO E OPERAÇÃO > MATERIAIS ELÉTRICOS E ELETRÔNICOS > Outros materiais elétricos"
Fusível NH 1 GL/GG Retardado 160A 120KA em 500VCA 3NA7136 SIEMENS 3NA7136 SIEMENS,SIEMENS,3NA7136,"MRO: MATERIAL, REPARO E OPERAÇÃO > MATERIAIS ELÉTRICOS E ELETRÔNICOS > Outros materiais elétricos"
TRILHO DIN 24 MOD GEMINI 4-5 1SL0292A00,ABB ELETRIFICACAO,1SL0292A00,"MRO: MATERIAL, REPARO E OPERAÇÃO > MATERIAIS ELÉTRICOS E ELETRÔNICOS > Outros materiais elétricos"
AS 168 68X1154MM AF ASTER SL LUMINARIA LED BRC NEUTRO 07542,INTRAL, ,"MRO: MATERIAL, REPARO E OPERAÇÃO > MATERIAIS ELÉTRICOS E ELETRÔNICOS > Outros materiais elétricos"
COMUTADOR KNOB LG 2POS  PT 22MM 60G 2NA+2NF NKP260/01+B22,ACE SCHMERSAL,NKP260/01+B22,"MRO: MATERIAL, REPARO E OPERAÇÃO > MATERIAIS ELÉTRICOS E ELETRÔNICOS > Outros materiais elétricos"
PLUGUE IND MOV MACHO PA 3P+T 16A 690V PT N4075,STECK, ,"MRO: MATERIAL, REPARO E OPERAÇÃO > MATERIAIS ELÉTRICOS E ELETRÔNICOS > Outros materiais elétricos"
KIT CAIXA LIGACAO 63-100 W22 15118630,WEG PARTES MOTOR, ,"MRO: MATERIAL, REPARO E OPERAÇÃO > MATERIAIS ELÉTRICOS E ELETRÔNICOS > Outros materiais elétricos"
PLUGUE IND SOB FEM 2P+T 32A 380-440V VM SN3279 STECK,STECK,SN3279,"MRO: MATERIAL, REPARO E OPERAÇÃO > MATERIAIS ELÉTRICOS E ELETRÔNICOS > Outros materiais elétricos"
INTERRUPTOR UNIP 15A 14101 N1FB2FE3Q,MARGIRIUS, ,"MRO: MATERIAL, REPARO E OPERAÇÃO > MATERIAIS ELÉTRICOS E ELETRÔNICOS > Outros materiais elétricos"
CHAVE FIM CURSO ACIONAMENTO TIPO ROLETE R50 WLCA2-7,OMRON, ,"MRO: MATERIAL, REPARO E OPERAÇÃO > MATERIAIS ELÉTRICOS E ELETRÔNICOS > Outros materiais elétricos"
"SENSOR INDU MET 1,5MM SL1,58G1LPA",WEG CONTROLS,"SL1,58G1LPA","MRO: MATERIAL, REPARO E OPERAÇÃO > MATERIAIS ELÉTRICOS E ELETRÔNICOS > Outros materiais elétricos"
S8 SUPORTE 8PQ9143-1AA62,SIEMENS, ,"MRO: MATERIAL, REPARO E OPERAÇÃO > MATERIAIS ELÉTRICOS E ELETRÔNICOS > Outros materiais elétricos"
MOTOR 3F 8P 0.16CV 71 380/660 B3D IP55 WFF2 IE2 11742459,WEG MOTOR, ,"MRO: MATERIAL, REPARO E OPERAÇÃO > MATERIAIS ELÉTRICOS E ELETRÔNICOS > Outros materiais elétricos"
BOTAO DUP VD/VM 22MM CLBD1403/05+CLP101+CLP110+C,ACE SCHMERSAL,CLBD 14 03/05+CLP101+CLP110+CL,"MRO: MATERIAL, REPARO E OPERAÇÃO > MATERIAIS ELÉTRICOS E ELETRÔNICOS > Outros materiais elétricos"
SINALEIRO RED METAL VD 22MM 125V LED VZ222+L001+S7LS/15125V*,ACE SCHMERSAL,VZ 222+L001+S7LS/15 125VCA/CC+,"MRO: MATERIAL, REPARO E OPERAÇÃO > MATERIAIS ELÉTRICOS E ELETRÔNICOS > Outros materiais elétricos"
SENSOR CAPAC 32MM 30MM CC  CA NF M12 CS3032P70UFJV1EX,SENSE, ,"MRO: MATERIAL, REPARO E OPERAÇÃO > MATERIAIS ELÉTRICOS E ELETRÔNICOS > Outros materiais elétricos"
TRANSF CORRENTE ENROLAD TAB-40 15/5,ABB ELETRIFICACAO, ,"MRO: MATERIAL, REPARO E OPERAÇÃO > MATERIAIS ELÉTRICOS E ELETRÔNICOS > Outros materiais elétricos"
BOTAO COG 36MM VM 22MM 1NA+1NF EZ236/03+B11,ACE SCHMERSAL,EZ2 36/03+B11 10330103,"MRO: MATERIAL, REPARO E OPERAÇÃO > MATERIAIS ELÉTRICOS E ELETRÔNICOS > Outros materiais elétricos"
FRONTAL CLB2/15 + CLP110 + CLP001 + S1LS/15 220V 14624915,ACE SCHMERSAL,14624915,"MRO: MATERIAL, REPARO E OPERAÇÃO > MATERIAIS ELÉTRICOS E ELETRÔNICOS > Outros materiais elétricos"
CAIXA PASSAGEM SOB CZ MONT EM/REARME 14403094,ACE SCHMERSAL, ,"MRO: MATERIAL, REPARO E OPERAÇÃO > MATERIAIS ELÉTRICOS E ELETRÔNICOS > Outros materiais elétricos"
Conjunto 4x2 - 1 Pulsador Campainha 10a 250v~ 57170/007 ELETRIK 57170007 TRAMONTINA ELETRIK,TRAMONTINA ELETRIK,57170/007,"MRO: MATERIAL, REPARO E OPERAÇÃO > MATERIAIS ELÉTRICOS E ELETRÔNICOS > Outros materiais elétricos"
"CAIXA DERIV MULT CZ TIPO X 2.1/2"" C/ 2 TPOES, E002400080",WETZEL, ,"MRO: MATERIAL, REPARO E OPERAÇÃO > MATERIAIS ELÉTRICOS E ELETRÔNICOS > Outros materiais elétricos"
DISJUNTOR MOTOR 56 - 80A DM280A,METALTEX, ,"MRO: MATERIAL, REPARO E OPERAÇÃO > MATERIAIS ELÉTRICOS E ELETRÔNICOS > Outros materiais elétricos"
"CABO FLEXIVEL 1KV 90G HEPR 4X1,5MM2 PT",CABOS DIVERSOS, ,"MRO: MATERIAL, REPARO E OPERAÇÃO > MATERIAIS ELÉTRICOS E ELETRÔNICOS > Outros materiais elétricos"
COMPUTADOR SIMATIC IPC527G BOX PC 6AG40250DB304AB0,SIEMENS AUTOMACAO, ,"MRO: MATERIAL, REPARO E OPERAÇÃO > MATERIAIS ELÉTRICOS E ELETRÔNICOS > Outros materiais elétricos"
CONECTOR INDUSTRIAL 32A 3P 2P+T 110-130V AMARELO 12821518,WEG INT E TOM, ,"MRO: MATERIAL, REPARO E OPERAÇÃO > MATERIAIS ELÉTRICOS E ELETRÔNICOS > Outros materiais elétricos"
FILTRO DE LINHA 5T PLASTICOS PTO FLOWPACK 20201005111 FIOLUX,FIOLUX, ,"MRO: MATERIAL, REPARO E OPERAÇÃO > MATERIAIS ELÉTRICOS E ELETRÔNICOS > Outros materiais elétricos"
QUADRO CHT 01 ESTR TRIANG 3F 380VCA 30CV 25 32A 3CHT0119383,ALTRONIC, ,"MRO: MATERIAL, REPARO E OPERAÇÃO > MATERIAIS ELÉTRICOS E ELETRÔNICOS > Outros materiais elétricos"
SINALIZADOR LUMINOSO P 350 TMB-1 21398000000,PFANNEMBERG, ,"MRO: MATERIAL, REPARO E OPERAÇÃO > MATERIAIS ELÉTRICOS E ELETRÔNICOS > Outros materiais elétricos"
S8 TAMPA PROT FASE 3VA-8PQ9138-8AA16,SIEMENS, ,"MRO: MATERIAL, REPARO E OPERAÇÃO > MATERIAIS ELÉTRICOS E ELETRÔNICOS > Outros materiais elétricos"
M RELE P/PCI 1 REV 6 VDC 406170060000,FINDER, ,"MRO: MATERIAL, REPARO E OPERAÇÃO > MATERIAIS ELÉTRICOS E ELETRÔNICOS > Outros materiais elétricos"
PLAQUETA IDENTIFICACAO P/JOYSTICK 2 P M22-XCK3 290260,EATON, ,"MRO: MATERIAL, REPARO E OPERAÇÃO > MATERIAIS ELÉTRICOS E ELETRÔNICOS > Outros materiais elétricos"
1 INT TS+1 TP 10A/250V PL4X2 BR KLIN 13328421,WEG INT E TOM, ,"MRO: MATERIAL, REPARO E OPERAÇÃO > MATERIAIS ELÉTRICOS E ELETRÔNICOS > Outros materiais elétricos"
CONTATOR 4P 9A 110VCA 60HZ CWM90022V15,WEG CONTROLS,CWM90022V15,"MRO: MATERIAL, REPARO E OPERAÇÃO > MATERIAIS ELÉTRICOS E ELETRÔNICOS > Outros materiais elétricos"
CARTAO POTENCIA P/INVERS P500A41.06,WEG PARTES PECAS AUTOMACAO,P500A41.06,"MRO: MATERIAL, REPARO E OPERAÇÃO > MATERIAIS ELÉTRICOS E ELETRÔNICOS > Outros materiais elétricos"
CONTR.TEMP.96X96 SAIDA ANALOGICA E5AC-CX3ASM-800,OMRON, ,"MRO: MATERIAL, REPARO E OPERAÇÃO > MATERIAIS ELÉTRICOS E ELETRÔNICOS > Outros materiais elétricos"
"PONTE SAK 2,5MM QL 4 SAK 2.5 QL 4",CONEXEL,SAK 2.5 QL 4,"MRO: MATERIAL, REPARO E OPERAÇÃO > MATERIAIS ELÉTRICOS E ELETRÔNICOS > Outros materiais elétricos"
FRONTAL CLB2/03 40 + 2X CLP110 + 2X CLP101 1462450340,ACE SCHMERSAL,1462450340,"MRO: MATERIAL, REPARO E OPERAÇÃO > MATERIAIS ELÉTRICOS E ELETRÔNICOS > Outros materiais elétricos"
COMUTADOR CH YALE 2POS  PT 22MM 90G YPP290ERTECSEG15,ACE SCHMERSAL,YPP290ERTECSEG15,"MRO: MATERIAL, REPARO E OPERAÇÃO > MATERIAIS ELÉTRICOS E ELETRÔNICOS > Outros materiais elétricos"
SENSOR IND M18 8MM NA M12 20 A 250 VCAVCC PS818GI70UAV1EX,SENSE, ,"MRO: MATERIAL, REPARO E OPERAÇÃO > MATERIAIS ELÉTRICOS E ELETRÔNICOS > Outros materiais elétricos"
E201 ELEMENTO DE CONTATO C/RETENCAO 1NF,ACE SCHMERSAL, ,"MRO: MATERIAL, REPARO E OPERAÇÃO > MATERIAIS ELÉTRICOS E ELETRÔNICOS > Outros materiais elétricos"
"BLOQUEADOR HARMONICA 4DB16,3440P14",SIEMENS,4DB163440P14,"MRO: MATERIAL, REPARO E OPERAÇÃO > MATERIAIS ELÉTRICOS E ELETRÔNICOS > Outros materiais elétricos"
COMUTADOR CH YALE 2POS PT 22MM 60G YPZ260DRTCSEG12,ACE SCHMERSAL,YPZ260DRTCSEG12,"MRO: MATERIAL, REPARO E OPERAÇÃO > MATERIAIS ELÉTRICOS E ELETRÔNICOS > Outros materiais elétricos"
SENSOR ELETRONICO FOTOELETRICO REFLEXIVO RET FR50RNSVK4,ACE SCHMERSAL, ,"MRO: MATERIAL, REPARO E OPERAÇÃO > MATERIAIS ELÉTRICOS E ELETRÔNICOS > Outros materiais elétricos"
CONTATO AUX LATERAL P/DM2 2NA DMCL220,METALTEX, ,"MRO: MATERIAL, REPARO E OPERAÇÃO > MATERIAIS ELÉTRICOS E ELETRÔNICOS > Outros materiais elétricos"
PROJETOR LED PT 500W 6500K 3278,OUROLUX, ,"MRO: MATERIAL, REPARO E OPERAÇÃO > MATERIAIS ELÉTRICOS E ELETRÔNICOS > Outros materiais elétricos"
CABO POT 21M COM CONECTORES 6FX50025DG121CB0,SIEMENS DRIVES, ,"MRO: MATERIAL, REPARO E OPERAÇÃO > MATERIAIS ELÉTRICOS E ELETRÔNICOS > Outros materiais elétricos"
"ABRACADEIRA U SIMPLES LINHA LEVE 3/8"" S 4.000",STRINGUETO,S4000Z,"MRO: MATERIAL, REPARO E OPERAÇÃO > MATERIAIS ELÉTRICOS E ELETRÔNICOS > Outros materiais elétricos"
PLUG APT CAPA DE BORRACHA S/ ANEL 2P 30A 380V ER40T230,NAVILLE, ,"MRO: MATERIAL, REPARO E OPERAÇÃO > MATERIAIS ELÉTRICOS E ELETRÔNICOS > Outros materiais elétricos"
GUIA PONTA VARAO P/FECHADURA - TASCO 21916,TASCO,21916,"MRO: MATERIAL, REPARO E OPERAÇÃO > MATERIAIS ELÉTRICOS E ELETRÔNICOS > Outros materiais elétricos"
MODULO EXPANSAO FUNCAO EES1 12154765,WEG DRIVES, ,"MRO: MATERIAL, REPARO E OPERAÇÃO > MATERIAIS ELÉTRICOS E ELETRÔNICOS > Outros materiais elétricos"
RELE POT P/PCI 3 REV.125 VDC 622391250000,FINDER, ,"MRO: MATERIAL, REPARO E OPERAÇÃO > MATERIAIS ELÉTRICOS E ELETRÔNICOS > Outros materiais elétricos"
TECLA P/BOTAO COMANDO PT M22-XDH-S 216428,EATON, ,"MRO: MATERIAL, REPARO E OPERAÇÃO > MATERIAIS ELÉTRICOS E ELETRÔNICOS > Outros materiais elétricos"
PORTA EQP SLIM  UMA TOM UNIVERSAL BRANCO DT7674100,DUTOTEC, ,"MRO: MATERIAL, REPARO E OPERAÇÃO > MATERIAIS ELÉTRICOS E ELETRÔNICOS > Outros materiais elétricos"
CABO FLEXIVEL 750V 70G PVC 150MM2 PT,CABOS DIVERSOS, ,"MRO: MATERIAL, REPARO E OPERAÇÃO > MATERIAIS ELÉTRICOS E ELETRÔNICOS > Outros materiais elétricos"
"Bucha 1.1/2"" 56134/006 TRAMONTINA ELETRIK 56134006 TRAMONTINA ELETRIK",TRAMONTINA ELETRIK,56134/006,"MRO: MATERIAL, REPARO E OPERAÇÃO > MATERIAIS ELÉTRICOS E ELETRÔNICOS > Outros materiais elétricos"
DISJ 3P 1600A 55KA 3WL1116-2AA32-4GN4,SIEMENS, ,"MRO: MATERIAL, REPARO E OPERAÇÃO > MATERIAIS ELÉTRICOS E ELETRÔNICOS > Outros materiais elétricos"
LPJ-50SP FUSIVEL CARTUCHO 50A 600V,BUSSMANN, ,"MRO: MATERIAL, REPARO E OPERAÇÃO > MATERIAIS ELÉTRICOS E ELETRÔNICOS > Outros materiais elétricos"
"Condulete Fixo 3"" Tipo ""Ll"" - com Tampa / sem Rosca / sem Pintura 56104/318 ELETRIK 56104318 TRAMONTINA ELETRIK",TRAMONTINA ELETRIK,56104/318,"MRO: MATERIAL, REPARO E OPERAÇÃO > MATERIAIS ELÉTRICOS E ELETRÔNICOS > Outros materiais elétricos"
KIT ANEL FIXACAO INPRO/SEAL IEEE ROL 319 13765767,WEG PARTES MOTOR, ,"MRO: MATERIAL, REPARO E OPERAÇÃO > MATERIAIS ELÉTRICOS E ELETRÔNICOS > Outros materiais elétricos"
SERVOMOTOR 3000RPM 28NM IP64 1FT70865AF701CB0,SIEMENS DRIVES,1FT70865AF701CB0,"MRO: MATERIAL, REPARO E OPERAÇÃO > MATERIAIS ELÉTRICOS E ELETRÔNICOS > Outros materiais elétricos"
CHAVE NIVEL ELETROMEC 250MM 220VCA CN1328/B - COEL 13028010,COEL,13028010,"MRO: MATERIAL, REPARO E OPERAÇÃO > MATERIAIS ELÉTRICOS E ELETRÔNICOS > Outros materiais elétricos"
KIT TAMPA PORTA TRILHO OURO BOX 05 MOD PORTA OPACA SKIT5POW,STECK, ,"MRO: MATERIAL, REPARO E OPERAÇÃO > MATERIAIS ELÉTRICOS E ELETRÔNICOS > Outros materiais elétricos"
CARTAO OPCIONAL P/ TPW04-2D2TBD 13001090,WEG DRIVES,TPW042D2TBD,"MRO: MATERIAL, REPARO E OPERAÇÃO > MATERIAIS ELÉTRICOS E ELETRÔNICOS > Outros materiais elétricos"
"SERVOMOTOR 3000RPM 1,15NM IP64 1FK70322AK711QH0",SIEMENS DRIVES,1FK70322AK711QH0,"MRO: MATERIAL, REPARO E OPERAÇÃO > MATERIAIS ELÉTRICOS E ELETRÔNICOS > Outros materiais elétricos"
SINALIZADOR LUMINOSO QUADRO S 230V AC AMAR 21042103000,PFANNEMBERG, ,"MRO: MATERIAL, REPARO E OPERAÇÃO > MATERIAIS ELÉTRICOS E ELETRÔNICOS > Outros materiais elétricos"
TEMPORIZADOR PROG 24VCC 1S EGZAN AP 1S,CONEXEL,EGZAN AP 1S,"MRO: MATERIAL, REPARO E OPERAÇÃO > MATERIAIS ELÉTRICOS E ELETRÔNICOS > Outros materiais elétricos"
"RACK ABERTO  32U 550MM 1,5M 400MM 19"" CZ 905782CZ",CEMAR, ,"MRO: MATERIAL, REPARO E OPERAÇÃO > MATERIAIS ELÉTRICOS E ELETRÔNICOS > Outros materiais elétricos"
FUSIVEL ONE TIME NON-200,BUSSMANN,FUSIVEL ONE TIME NON-200,"MRO: MATERIAL, REPARO E OPERAÇÃO > MATERIAIS ELÉTRICOS E ELETRÔNICOS > Outros materiais elétricos"
SERVOMOTOR CA 22NM/2000RPM ENCA 1FK70854CC711RA0,SIEMENS DRIVES, ,"MRO: MATERIAL, REPARO E OPERAÇÃO > MATERIAIS ELÉTRICOS E ELETRÔNICOS > Outros materiais elétricos"
"CONTATOR TRIPOLAR 95A - AC3, 42V/50-60HZ 239485 239485",EATON, ,"MRO: MATERIAL, REPARO E OPERAÇÃO > MATERIAIS ELÉTRICOS E ELETRÔNICOS > Outros materiais elétricos"
COMUTADOR CH YALE 2POS  PT 22MM 60G YPCP260DRTESEG08,ACE SCHMERSAL,YPCP260DRTESEG08,"MRO: MATERIAL, REPARO E OPERAÇÃO > MATERIAIS ELÉTRICOS E ELETRÔNICOS > Outros materiais elétricos"
"Arruela 3/8"" 56135/001 ELETRIK 56135001 TRAMONTINA ELETRIK",TRAMONTINA ELETRIK,56135/001,"MRO: MATERIAL, REPARO E OPERAÇÃO > MATERIAIS ELÉTRICOS E ELETRÔNICOS > Outros materiais elétricos"
JOELHO 90 SOLD 20MM CB 22150219,TIGRE, ,"MRO: MATERIAL, REPARO E OPERAÇÃO > MATERIAIS ELÉTRICOS E ELETRÔNICOS > Outros materiais elétricos"
BASE P/LIGACAO POR SOLDA P/RELE SERIE 55.34 9434SMA,FINDER, ,"MRO: MATERIAL, REPARO E OPERAÇÃO > MATERIAIS ELÉTRICOS E ELETRÔNICOS > Outros materiais elétricos"
CAIXA BOTOEIRA ABS 80X230X85 CZ A2/VD/VM/EM BSP3/4 14403243,ACE SCHMERSAL, ,"MRO: MATERIAL, REPARO E OPERAÇÃO > MATERIAIS ELÉTRICOS E ELETRÔNICOS > Outros materiais elétricos"
TOMADA SOB FEMEA 2P+T 16A 220-240V AZ C/BLOQ MEC IP67 SS300 STECK SS3006B,STECK,SS3006B,"MRO: MATERIAL, REPARO E OPERAÇÃO > MATERIAIS ELÉTRICOS E ELETRÔNICOS > Outros materiais elétricos"
"CONEC. FEM S/ ROSCA ZN  DUTOTECFLEX  1"" QTF3064",DUTOTEC, ,"MRO: MATERIAL, REPARO E OPERAÇÃO > MATERIAIS ELÉTRICOS E ELETRÔNICOS > Outros materiais elétricos"
"Condulete Fixo 3/4"" X com Rosca 56109/302 TRAMONTINA ELETRIK 56109302 TRAMONTINA ELETRIK",TRAMONTINA ELETRIK,56109/302,"MRO: MATERIAL, REPARO E OPERAÇÃO > MATERIAIS ELÉTRICOS E ELETRÔNICOS > Outros materiais elétricos"
BATENTE DE SEGURANCA SE-AL-12-2250MM AL 125405,ACE SCHMERSAL, ,"MRO: MATERIAL, REPARO E OPERAÇÃO > MATERIAIS ELÉTRICOS E ELETRÔNICOS > Outros materiais elétricos"
COMUTADOR KNOB CT 2P PT 30MM 2NA SP A3 60/01+E120 12209101,ACE SCHMERSAL,SP A3 60/01+E120 12209101,"MRO: MATERIAL, REPARO E OPERAÇÃO > MATERIAIS ELÉTRICOS E ELETRÔNICOS > Outros materiais elétricos"
"CONDULETE PES AL PARAF INOX TIPO T 2 1/2"" ROSCA BSP ER15T7B",NAVILLE, ,"MRO: MATERIAL, REPARO E OPERAÇÃO > MATERIAIS ELÉTRICOS E ELETRÔNICOS > Outros materiais elétricos"
"CHAVE PART REVERSA 24VCA/VCC 2,9W 3-12A 3RA62501DB32 SIEMENS",SIEMENS,3RA62501DB32,"MRO: MATERIAL, REPARO E OPERAÇÃO > MATERIAIS ELÉTRICOS E ELETRÔNICOS > Outros materiais elétricos"
CHAVE SEL MET ILUM KNOB CURT 2POS FIX 90G AM 24V 1NA,METALTEX, ,"MRO: MATERIAL, REPARO E OPERAÇÃO > MATERIAIS ELÉTRICOS E ELETRÔNICOS > Outros materiais elétricos"
"ADAPTADOR ROSCA PG29 BSP 1"" P/TOM IND S0151 STECK",STECK,S0151,"MRO: MATERIAL, REPARO E OPERAÇÃO > MATERIAIS ELÉTRICOS E ELETRÔNICOS > Outros materiais elétricos"
"FOTOMICROSENSOR,L-ON/D-ON,NPN,SLOT 5MM EE-SX674",OMRON, ,"MRO: MATERIAL, REPARO E OPERAÇÃO > MATERIAIS ELÉTRICOS E ELETRÔNICOS > Outros materiais elétricos"
CURVA V90 INT 25 - 45 AZ R60 ITA R DT3806862,DUTOTEC, ,"MRO: MATERIAL, REPARO E OPERAÇÃO > MATERIAIS ELÉTRICOS E ELETRÔNICOS > Outros materiais elétricos"
CAIXA RED. APT IP65 AL. F. 96X52 E 1/2 BSP ER10P1EB,NAVILLE, ,"MRO: MATERIAL, REPARO E OPERAÇÃO > MATERIAIS ELÉTRICOS E ELETRÔNICOS > Outros materiais elétricos"
DISJ 3P 1000A 66KA 3WL1110-3BB64-4AN2-Z 3WL11103BB644AN2Z,SIEMENS, ,"MRO: MATERIAL, REPARO E OPERAÇÃO > MATERIAIS ELÉTRICOS E ELETRÔNICOS > Outros materiais elétricos"
"RELE ELETROMECANICO IMPULSOSAIDA DPDT,5A MM4XP DC48",OMRON, ,"MRO: MATERIAL, REPARO E OPERAÇÃO > MATERIAIS ELÉTRICOS E ELETRÔNICOS > Outros materiais elétricos"
LUMINARIA POSTE LED 200W 23340LM 120-277V BSP EYLR6820060PS,NAVILLE, ,"MRO: MATERIAL, REPARO E OPERAÇÃO > MATERIAIS ELÉTRICOS E ELETRÔNICOS > Outros materiais elétricos"
S8 SUPORTE 8PQ9137-8AA34,SIEMENS, ,"MRO: MATERIAL, REPARO E OPERAÇÃO > MATERIAIS ELÉTRICOS E ELETRÔNICOS > Outros materiais elétricos"
TOMADA EMB FEMEA 3P+T 200A 600-690V PT IP67 S4845MT STECK,STECK,S4845MT,"MRO: MATERIAL, REPARO E OPERAÇÃO > MATERIAIS ELÉTRICOS E ELETRÔNICOS > Outros materiais elétricos"
CHAVE SECC P125/EA/SV9BSW/HI11/HI11ZFS72 70030263 70030263,EATON, ,"MRO: MATERIAL, REPARO E OPERAÇÃO > MATERIAIS ELÉTRICOS E ELETRÔNICOS > Outros materiais elétricos"
S8 DIVISORIA 8PQ9152-4AA77,SIEMENS, ,"MRO: MATERIAL, REPARO E OPERAÇÃO > MATERIAIS ELÉTRICOS E ELETRÔNICOS > Outros materiais elétricos"
Cadeado de Latão 30mm com Chave Preto SM LT-30 PADO 51016396 PADO,PADO,SM LT-30 COLOR,"MRO: MATERIAL, REPARO E OPERAÇÃO > MATERIAIS ELÉTRICOS E ELETRÔNICOS > Outros materiais elétricos"
CAPA PROT ZS 522/03 P/BS2 12024703,ACE SCHMERSAL,12024703,"MRO: MATERIAL, REPARO E OPERAÇÃO > MATERIAIS ELÉTRICOS E ELETRÔNICOS > Outros materiais elétricos"
ACESSORIO 3AE1 - MANIVELA DE ACIONAMENTO,SIEMENS MEDIA TENSAO, ,"MRO: MATERIAL, REPARO E OPERAÇÃO > MATERIAIS ELÉTRICOS E ELETRÔNICOS > Outros materiais elétricos"
TERMINAL JACK MALE 8-32 (BLACK) 73088-0,FLUKE, ,"MRO: MATERIAL, REPARO E OPERAÇÃO > MATERIAIS ELÉTRICOS E ELETRÔNICOS > Outros materiais elétricos"
PORTA QUADRO DISTRIBUICAO QDW02P-18 F 13293414,WEG CONTROLS, ,"MRO: MATERIAL, REPARO E OPERAÇÃO > MATERIAIS ELÉTRICOS E ELETRÔNICOS > Outros materiais elétricos"
COMUTADOR KNOB CT 3POS VM 22MM 45G CLAA245R03,ACE SCHMERSAL,CLAA245R03,"MRO: MATERIAL, REPARO E OPERAÇÃO > MATERIAIS ELÉTRICOS E ELETRÔNICOS > Outros materiais elétricos"
DO-IT-YOURSELF 2MM STACKABLE SAFETY S 72925-2,FLUKE, ,"MRO: MATERIAL, REPARO E OPERAÇÃO > MATERIAIS ELÉTRICOS E ELETRÔNICOS > Outros materiais elétricos"
CABO FIBRA OPTICA DIFUSO M6X90MM 2M. E32-DC200D,OMRON, ,"MRO: MATERIAL, REPARO E OPERAÇÃO > MATERIAIS ELÉTRICOS E ELETRÔNICOS > Outros materiais elétricos"
KIT ROTOR COMPLETO 132 10802859,WEG PARTES MOTOR, ,"MRO: MATERIAL, REPARO E OPERAÇÃO > MATERIAIS ELÉTRICOS E ELETRÔNICOS > Outros materiais elétricos"
ACOPLAMENTO FRONT RJ45 CAT6 PT IEFCMRJ45C WEIDMULLER CONEXEL,WEIDMULLER CONEXEL,IEFCMRJ45C,"MRO: MATERIAL, REPARO E OPERAÇÃO > MATERIAIS ELÉTRICOS E ELETRÔNICOS > Outros materiais elétricos"
CABO POT MOT-CON 800PLUS 15M 6FX80081BA501BF0,SIEMENS DRIVES,6FX80081BA501BF0,"MRO: MATERIAL, REPARO E OPERAÇÃO > MATERIAIS ELÉTRICOS E ELETRÔNICOS > Outros materiais elétricos"
AMP BM LIG DIR 90O 96X96 25A 2CNM512221R0025,ABB ELETRIFICACAO, ,"MRO: MATERIAL, REPARO E OPERAÇÃO > MATERIAIS ELÉTRICOS E ELETRÔNICOS > Outros materiais elétricos"
TRANSFORMADOR 1F E200-500V S115/230V 3500VA 350TMC4676,MINUZZI,350TMC4676,"MRO: MATERIAL, REPARO E OPERAÇÃO > MATERIAIS ELÉTRICOS E ELETRÔNICOS > Outros materiais elétricos"
PORTA EQP 2 BL DE RJ45 PANDUIT BRANCO DT6674500,DUTOTEC, ,"MRO: MATERIAL, REPARO E OPERAÇÃO > MATERIAIS ELÉTRICOS E ELETRÔNICOS > Outros materiais elétricos"
MODULO EXPANSAO 32 CJ1W-MD261,OMRON, ,"MRO: MATERIAL, REPARO E OPERAÇÃO > MATERIAIS ELÉTRICOS E ELETRÔNICOS > Outros materiais elétricos"
BOBINA DISJ ABERTURA 110-415VCA ZBHASA230,EATON,ZBHASA230,"MRO: MATERIAL, REPARO E OPERAÇÃO > MATERIAIS ELÉTRICOS E ELETRÔNICOS > Outros materiais elétricos"
PLACA SEPARACAO TERMOP TW SS/32,CONEXEL,TW SS/32,"MRO: MATERIAL, REPARO E OPERAÇÃO > MATERIAIS ELÉTRICOS E ELETRÔNICOS > Outros materiais elétricos"
DISJUNTOR CX MOLD 40A 100KA NZMH24A40 ,EATON,NZMH24A40,"MRO: MATERIAL, REPARO E OPERAÇÃO > MATERIAIS ELÉTRICOS E ELETRÔNICOS > Outros materiais elétricos"
RELE POT P/PCI 4 REV 24 VDC 564490240000,FINDER, ,"MRO: MATERIAL, REPARO E OPERAÇÃO > MATERIAIS ELÉTRICOS E ELETRÔNICOS > Outros materiais elétricos"
E2E-X2D1-M1G SENSOR 24VDC NPN M8X1,OMRON, ,"MRO: MATERIAL, REPARO E OPERAÇÃO > MATERIAIS ELÉTRICOS E ELETRÔNICOS > Outros materiais elétricos"
BARRAMENTO ELET PINO 2F ISOL 110A P/16DISJ  BRF2,PIAL,BRF2,"MRO: MATERIAL, REPARO E OPERAÇÃO > MATERIAIS ELÉTRICOS E ELETRÔNICOS > Outros materiais elétricos"
AMP BM LIG DIR 90O 72X72 40A 2CNM512211R0040,ABB ELETRIFICACAO, ,"MRO: MATERIAL, REPARO E OPERAÇÃO > MATERIAIS ELÉTRICOS E ELETRÔNICOS > Outros materiais elétricos"
Resistência para Aquecedor Versátil 110V 5.500W 755-E LORENZETTI 7589055 LORENZETTI,LORENZETTI,755E,"MRO: MATERIAL, REPARO E OPERAÇÃO > MATERIAIS ELÉTRICOS E ELETRÔNICOS > Resistência elétrica"
BOTAO ILUM DUP MET VD/VM 22MM 120V LED 1NA+1NF - SCHNEIDER XB4BW73731G5,SCHNEIDER,XB4BW73731G5,"MRO: MATERIAL, REPARO E OPERAÇÃO > MATERIAIS ELÉTRICOS E ELETRÔNICOS > Tomadas e interruptores"
TE 90GR pvc MR SOLD 60MM 22200607 TIGRE,TIGRE,22200607,"MRO: MATERIAL, REPARO E OPERAÇÃO > MATERIAIS ELÉTRICOS E ELETRÔNICOS > Tubos e eletrodutos"
"Furadeira Reversível Pneumática 1/2"" 700 rpm G3188/BR GAMMA G3188/BR GAMMA",GAMMA,G3188/BR,"MRO: MATERIAL, REPARO E OPERAÇÃO > MATERIAIS HIDRÁULICOS, PNEUMÁTICOS, FILTROS E VÁLVULAS > Outros materiais hidráulicos ou pneumáticos"
CORREIAS-PHG SPC11200 SKF,SKF, ,"MRO: MATERIAL, REPARO E OPERAÇÃO > PARTES MECÂNICAS, ROLAMENTOS E CORREIAS > Correias e componentes"
CORREIAS-PHG 3V800X5 SKF,SKF, ,"MRO: MATERIAL, REPARO E OPERAÇÃO > PARTES MECÂNICAS, ROLAMENTOS E CORREIAS > Correias e componentes"
CORREIAS-PHG S8M-880-50 SKF,SKF, ,"MRO: MATERIAL, REPARO E OPERAÇÃO > PARTES MECÂNICAS, ROLAMENTOS E CORREIAS > Correias e componentes"
ANEL INTERNO-IR 17X22X16 SKF,SKF, ,"MRO: MATERIAL, REPARO E OPERAÇÃO > PARTES MECÂNICAS, ROLAMENTOS E CORREIAS > Correias e componentes"
CORREIAS-PHG 380-XL-102 SKF,SKF, ,"MRO: MATERIAL, REPARO E OPERAÇÃO > PARTES MECÂNICAS, ROLAMENTOS E CORREIAS > Correias e componentes"
CORREIAS-PHG 5V2120X3 SKF,SKF, ,"MRO: MATERIAL, REPARO E OPERAÇÃO > PARTES MECÂNICAS, ROLAMENTOS E CORREIAS > Correias e componentes"
CORREIAS-PHG 3150-14M-170 SKF,SKF, ,"MRO: MATERIAL, REPARO E OPERAÇÃO > PARTES MECÂNICAS, ROLAMENTOS E CORREIAS > Correias e componentes"
ANEL INTERNO-IR 17X20X20.5 SKF,SKF, ,"MRO: MATERIAL, REPARO E OPERAÇÃO > PARTES MECÂNICAS, ROLAMENTOS E CORREIAS > Correias e componentes"
ANEL INTERNO-IR 50X58X40 SKF,SKF, ,"MRO: MATERIAL, REPARO E OPERAÇÃO > PARTES MECÂNICAS, ROLAMENTOS E CORREIAS > Correias e componentes"
CORREIAS-PHG SPA670 SKF,SKF, ,"MRO: MATERIAL, REPARO E OPERAÇÃO > PARTES MECÂNICAS, ROLAMENTOS E CORREIAS > Correias e componentes"
CORREIAS-PHG C112 SKF,SKF, ,"MRO: MATERIAL, REPARO E OPERAÇÃO > PARTES MECÂNICAS, ROLAMENTOS E CORREIAS > Correias e componentes"
CORREIAS-PHG B63X4 SKF,SKF, ,"MRO: MATERIAL, REPARO E OPERAÇÃO > PARTES MECÂNICAS, ROLAMENTOS E CORREIAS > Correias e componentes"
CORREIAS-PHG 440-8M-50 SKF,SKF, ,"MRO: MATERIAL, REPARO E OPERAÇÃO > PARTES MECÂNICAS, ROLAMENTOS E CORREIAS > Correias e componentes"
CORREIAS-PHG SPA3182 SKF,SKF, ,"MRO: MATERIAL, REPARO E OPERAÇÃO > PARTES MECÂNICAS, ROLAMENTOS E CORREIAS > Correias e componentes"
CORREIAS-PHG 5VX1800EP SKF,SKF, ,"MRO: MATERIAL, REPARO E OPERAÇÃO > PARTES MECÂNICAS, ROLAMENTOS E CORREIAS > Correias e componentes"
MANCAL COM ROLAMENTO-SYJ 60 KF SKF,SKF, ,"MRO: MATERIAL, REPARO E OPERAÇÃO > PARTES MECÂNICAS, ROLAMENTOS E CORREIAS > Mancal"
MANCAL - SNL 524-620 V SKF,SKF, ,"MRO: MATERIAL, REPARO E OPERAÇÃO > PARTES MECÂNICAS, ROLAMENTOS E CORREIAS > Mancal"
MANCAL COM ROLAMENTO-FYJ 55 TF SKF,SKF, ,"MRO: MATERIAL, REPARO E OPERAÇÃO > PARTES MECÂNICAS, ROLAMENTOS E CORREIAS > Mancal"
RETENTOR-19993 SKF,SKF, ,"MRO: MATERIAL, REPARO E OPERAÇÃO > PARTES MECÂNICAS, ROLAMENTOS E CORREIAS > Retentores"
RETENTOR-110X130X12 HMSA10 RG SKF,SKF, ,"MRO: MATERIAL, REPARO E OPERAÇÃO > PARTES MECÂNICAS, ROLAMENTOS E CORREIAS > Retentores"
RETENTOR-23654 SKF,SKF, ,"MRO: MATERIAL, REPARO E OPERAÇÃO > PARTES MECÂNICAS, ROLAMENTOS E CORREIAS > Retentores"
RETENTOR-32X47X7 HMS5 V SKF,SKF, ,"MRO: MATERIAL, REPARO E OPERAÇÃO > PARTES MECÂNICAS, ROLAMENTOS E CORREIAS > Retentores"
RETENTOR-88X110X12 HMS4 R SKF,SKF, ,"MRO: MATERIAL, REPARO E OPERAÇÃO > PARTES MECÂNICAS, ROLAMENTOS E CORREIAS > Retentores"
RETENTOR-36X62X7 HMSA10 RG SKF,SKF, ,"MRO: MATERIAL, REPARO E OPERAÇÃO > PARTES MECÂNICAS, ROLAMENTOS E CORREIAS > Retentores"
RETENTOR-30X55X7 HMSA10 V SKF,SKF, ,"MRO: MATERIAL, REPARO E OPERAÇÃO > PARTES MECÂNICAS, ROLAMENTOS E CORREIAS > Retentores"
RETENTOR-8X18X7 HMSA10 RG SKF,SKF, ,"MRO: MATERIAL, REPARO E OPERAÇÃO > PARTES MECÂNICAS, ROLAMENTOS E CORREIAS > Retentores"
ROLAMENTO AUTOCOMPENSADOR DE ROLOS-231/500 CA/W33 SKF,SKF, ,"MRO: MATERIAL, REPARO E OPERAÇÃO > PARTES MECÂNICAS, ROLAMENTOS E CORREIAS > Rolamentos"
ROLAMENTO DE ROLOS CILINDRICOS-NU 2240 ECML/C3 SKF,SKF, ,"MRO: MATERIAL, REPARO E OPERAÇÃO > PARTES MECÂNICAS, ROLAMENTOS E CORREIAS > Rolamentos"
ROLAMENTO DE AGULHA-K 18X24X12 SKF,SKF, ,"MRO: MATERIAL, REPARO E OPERAÇÃO > PARTES MECÂNICAS, ROLAMENTOS E CORREIAS > Rolamentos"
ROLAMENTO DE PRECISÃO-7030 CD/P4ADBB SKF,SKF, ,"MRO: MATERIAL, REPARO E OPERAÇÃO > PARTES MECÂNICAS, ROLAMENTOS E CORREIAS > Rolamentos"
ROLAMENTO DE PRECISÃO-7011 CEGA/HCP4A SKF,SKF, ,"MRO: MATERIAL, REPARO E OPERAÇÃO > PARTES MECÂNICAS, ROLAMENTOS E CORREIAS > Rolamentos"
ROLAMENTO RIGIDO DE ESFERAS-E2.6207-2Z/C3 SKF,SKF, ,"MRO: MATERIAL, REPARO E OPERAÇÃO > PARTES MECÂNICAS, ROLAMENTOS E CORREIAS > Rolamentos"
ROLAMENTO RIGIDO DE ESFERAS-624 SKF,SKF, ,"MRO: MATERIAL, REPARO E OPERAÇÃO > PARTES MECÂNICAS, ROLAMENTOS E CORREIAS > Rolamentos"
ROLAMENTO DE ROLOS CILINDRICOS-NU 1020 ML SKF,SKF, ,"MRO: MATERIAL, REPARO E OPERAÇÃO > PARTES MECÂNICAS, ROLAMENTOS E CORREIAS > Rolamentos"
ROLAMENTO DE CONTATO ANGULAR-7048 BGM SKF,SKF, ,"MRO: MATERIAL, REPARO E OPERAÇÃO > PARTES MECÂNICAS, ROLAMENTOS E CORREIAS > Rolamentos"
ROLAMENTO DE PRECISÃO-7213 ACD/P4ADGA SKF,SKF, ,"MRO: MATERIAL, REPARO E OPERAÇÃO > PARTES MECÂNICAS, ROLAMENTOS E CORREIAS > Rolamentos"
ROLAMENTO DE ROLOS CILINDRICOS-N 313 ECM SKF,SKF, ,"MRO: MATERIAL, REPARO E OPERAÇÃO > PARTES MECÂNICAS, ROLAMENTOS E CORREIAS > Rolamentos"
ROLAMENTO DE CONTATO ANGULAR-3203 ATN9/C3 SKF,SKF, ,"MRO: MATERIAL, REPARO E OPERAÇÃO > PARTES MECÂNICAS, ROLAMENTOS E CORREIAS > Rolamentos"